race_id,error_message,cause,rakuten_check
202250112307,レース結果ページのデータが不足しているため記録を行いません,雷雨のため取り止めになりました。,レース中止
202254091901,レースデータが不足しているため記録を行いません,台風の影響により取り止めになりました。,レース中止
202254091902,レースデータが不足しているため記録を行いません,台風の影響により取り止めになりました。,レース中止
202254091903,レースデータが不足しているため記録を行いません,台風の影響により取り止めになりました。,レース中止
202254091904,レースデータが不足しているため記録を行いません,台風の影響により取り止めになりました。,レース中止
202254091905,レースデータが不足しているため記録を行いません,台風の影響により取り止めになりました。,レース中止
202254091906,レースデータが不足しているため記録を行いません,台風の影響により取り止めになりました。,レース中止
202254091907,レースデータが不足しているため記録を行いません,台風の影響により取り止めになりました。,レース中止
202254091908,レースデータが不足しているため記録を行いません,台風の影響により取り止めになりました。,レース中止
202254091909,レースデータが不足しているため記録を行いません,台風の影響により取り止めになりました。,レース中止
202254091910,レースデータが不足しているため記録を行いません,台風の影響により取り止めになりました。,レース中止
202254091911,レースデータが不足しているため記録を行いません,台風の影響により取り止めになりました。,レース中止
202254091912,レースデータが不足しているため記録を行いません,台風の影響により取り止めになりました。,レース中止
202255091901,レースデータが不足しているため記録を行いません,台風の影響により取り止めになりました。,レース中止
202255091902,レースデータが不足しているため記録を行いません,台風の影響により取り止めになりました。,レース中止
202255091903,レースデータが不足しているため記録を行いません,台風の影響により取り止めになりました。,レース中止
202255091904,レースデータが不足しているため記録を行いません,台風の影響により取り止めになりました。,レース中止
202255091905,レースデータが不足しているため記録を行いません,台風の影響により取り止めになりました。,レース中止
202255091906,レースデータが不足しているため記録を行いません,台風の影響により取り止めになりました。,レース中止
202255091907,レースデータが不足しているため記録を行いません,台風の影響により取り止めになりました。,レース中止
202255091908,レースデータが不足しているため記録を行いません,台風の影響により取り止めになりました。,レース中止
202255091909,レースデータが不足しているため記録を行いません,台風の影響により取り止めになりました。,レース中止
202255091910,レースデータが不足しているため記録を行いません,台風の影響により取り止めになりました。,レース中止
202255091911,レースデータが不足しているため記録を行いません,台風の影響により取り止めになりました。,レース中止
202254091805,レース結果ページのデータが不足しているため記録を行いません,台風の影響により取り止めになりました。,レース中止
202254091806,レース結果ページのデータが不足しているため記録を行いません,台風の影響により取り止めになりました。,レース中止
202254091807,レース結果ページのデータが不足しているため記録を行いません,台風の影響により取り止めになりました。,レース中止
202254091808,レース結果ページのデータが不足しているため記録を行いません,台風の影響により取り止めになりました。,レース中止
202254091809,レース結果ページのデータが不足しているため記録を行いません,台風の影響により取り止めになりました。,レース中止
202254091810,レース結果ページのデータが不足しているため記録を行いません,台風の影響により取り止めになりました。,レース中止
202254091811,レース結果ページのデータが不足しているため記録を行いません,台風の影響により取り止めになりました。,レース中止
202254091812,レース結果ページのデータが不足しているため記録を行いません,台風の影響により取り止めになりました。,レース中止
202255091801,レースデータが不足しているため記録を行いません,台風の影響により取り止めになりました。,レース中止
202255091802,レースデータが不足しているため記録を行いません,台風の影響により取り止めになりました。,レース中止
202255091803,レースデータが不足しているため記録を行いません,台風の影響により取り止めになりました。,レース中止
202255091804,レースデータが不足しているため記録を行いません,台風の影響により取り止めになりました。,レース中止
202255091805,レースデータが不足しているため記録を行いません,台風の影響により取り止めになりました。,レース中止
202255091806,レースデータが不足しているため記録を行いません,台風の影響により取り止めになりました。,レース中止
202255091807,レースデータが不足しているため記録を行いません,台風の影響により取り止めになりました。,レース中止
202255091808,レースデータが不足しているため記録を行いません,台風の影響により取り止めになりました。,レース中止
202255091809,レースデータが不足しているため記録を行いません,台風の影響により取り止めになりました。,レース中止
202255091810,レースデータが不足しているため記録を行いません,台風の影響により取り止めになりました。,レース中止
202255091811,レースデータが不足しているため記録を行いません,台風の影響により取り止めになりました。,レース中止
202244040101,レース結果ページのデータが不足しているため記録を行いません,走路のコンディション不良により取り止めになりました。,レース中止
202244040102,レース結果ページのデータが不足しているため記録を行いません,走路のコンディション不良により取り止めになりました。,レース中止
202244040103,レース結果ページのデータが不足しているため記録を行いません,走路のコンディション不良により取り止めになりました。,レース中止
202244040104,レース結果ページのデータが不足しているため記録を行いません,走路のコンディション不良により取り止めになりました。,レース中止
202244040105,レース結果ページのデータが不足しているため記録を行いません,走路のコンディション不良により取り止めになりました。,レース中止
202244040106,レース結果ページのデータが不足しているため記録を行いません,走路のコンディション不良により取り止めになりました。,レース中止
202244040107,レース結果ページのデータが不足しているため記録を行いません,走路のコンディション不良により取り止めになりました。,レース中止
202244040108,レース結果ページのデータが不足しているため記録を行いません,走路のコンディション不良により取り止めになりました。,レース中止
202244040109,レース結果ページのデータが不足しているため記録を行いません,走路のコンディション不良により取り止めになりました。,レース中止
202244040110,レース結果ページのデータが不足しているため記録を行いません,走路のコンディション不良により取り止めになりました。,レース中止
202244040111,レース結果ページのデータが不足しているため記録を行いません,走路のコンディション不良により取り止めになりました。,レース中止
202244040112,レース結果ページのデータが不足しているため記録を行いません,走路のコンディション不良により取り止めになりました。,レース中止
202245010608,レース結果ページのデータが不足しているため記録を行いません,降雪のため取り止めになりました。,レース中止
202245010609,レース結果ページのデータが不足しているため記録を行いません,降雪のため取り止めになりました。,レース中止
202245010610,レース結果ページのデータが不足しているため記録を行いません,降雪のため取り止めになりました。,レース中止
202245010611,レース結果ページのデータが不足しているため記録を行いません,降雪のため取り止めになりました。,レース中止
202236010301,レースデータが不足しているため記録を行いません,レース確定後10分前後で公開予定です。,レース中止
202236010302,レースデータが不足しているため記録を行いません,レース確定後10分前後で公開予定です。,レース中止
202236010303,レースデータが不足しているため記録を行いません,レース確定後10分前後で公開予定です。,レース中止
202236010304,レースデータが不足しているため記録を行いません,レース確定後10分前後で公開予定です。,レース中止
202236010305,レースデータが不足しているため記録を行いません,レース確定後10分前後で公開予定です。,レース中止
202236010306,レースデータが不足しているため記録を行いません,レース確定後10分前後で公開予定です。,レース中止
202236010307,レースデータが不足しているため記録を行いません,レース確定後10分前後で公開予定です。,レース中止
202236010308,レースデータが不足しているため記録を行いません,レース確定後10分前後で公開予定です。,レース中止
202236010309,レースデータが不足しているため記録を行いません,レース確定後10分前後で公開予定です。,レース中止
202236010310,レースデータが不足しているため記録を行いません,レース確定後10分前後で公開予定です。,レース中止
202236010206,レース結果ページのデータが不足しているため記録を行いません,走路状況の悪化により取り止めになりました。,レース中止
202236010207,レース結果ページのデータが不足しているため記録を行いません,走路状況の悪化により取り止めになりました。,レース中止
202236010208,レース結果ページのデータが不足しているため記録を行いません,走路状況の悪化により取り止めになりました。,レース中止
202236010209,レース結果ページのデータが不足しているため記録を行いません,走路状況の悪化により取り止めになりました。,レース中止
202236010210,レース結果ページのデータが不足しているため記録を行いません,走路状況の悪化により取り止めになりました。,レース中止
202136123104,レース結果ページのデータが不足しているため記録を行いません,降雪のため取り止めになりました。,レース中止
202136123105,レース結果取得処理でエラー,降雪のため取り止めになりました。,レース実施
202136123106,レース結果取得処理でエラー,降雪のため取り止めになりました。,レース実施
202136123107,レース結果ページのデータが不足しているため記録を行いません,降雪のため取り止めになりました。,レース中止
202136123108,レース結果ページのデータが不足しているため記録を行いません,降雪のため取り止めになりました。,レース中止
202136123109,レース結果ページのデータが不足しているため記録を行いません,降雪のため取り止めになりました。,レース中止
202136123110,レース結果ページのデータが不足しているため記録を行いません,降雪のため取り止めになりました。,レース中止
202136122701,レースデータが不足しているため記録を行いません,降雪のため取り止めになりました。,レース中止
202136122702,レースデータが不足しているため記録を行いません,降雪のため取り止めになりました。,レース中止
202136122703,レースデータが不足しているため記録を行いません,降雪のため取り止めになりました。,レース中止
202136122704,レースデータが不足しているため記録を行いません,降雪のため取り止めになりました。,レース中止
202136122705,レースデータが不足しているため記録を行いません,降雪のため取り止めになりました。,レース中止
202136122706,レースデータが不足しているため記録を行いません,降雪のため取り止めになりました。,レース中止
202136122707,レースデータが不足しているため記録を行いません,降雪のため取り止めになりました。,レース中止
202136122708,レースデータが不足しているため記録を行いません,降雪のため取り止めになりました。,レース中止
202136122709,レースデータが不足しているため記録を行いません,降雪のため取り止めになりました。,レース中止
202136122710,レースデータが不足しているため記録を行いません,降雪のため取り止めになりました。,レース中止
202146122701,レースデータが不足しているため記録を行いません,降雪の影響により翌12月28日(火)に順延となりました。 ,レース中止
202146122702,レースデータが不足しているため記録を行いません,降雪の影響により翌12月28日(火)に順延となりました。 ,レース中止
202146122703,レースデータが不足しているため記録を行いません,降雪の影響により翌12月28日(火)に順延となりました。 ,レース中止
202146122704,レースデータが不足しているため記録を行いません,降雪の影響により翌12月28日(火)に順延となりました。 ,レース中止
202146122705,レースデータが不足しているため記録を行いません,降雪の影響により翌12月28日(火)に順延となりました。 ,レース中止
202146122706,レースデータが不足しているため記録を行いません,降雪の影響により翌12月28日(火)に順延となりました。 ,レース中止
202146122707,レースデータが不足しているため記録を行いません,降雪の影響により翌12月28日(火)に順延となりました。 ,レース中止
202146122708,レースデータが不足しているため記録を行いません,降雪の影響により翌12月28日(火)に順延となりました。 ,レース中止
202146122709,レースデータが不足しているため記録を行いません,降雪の影響により翌12月28日(火)に順延となりました。 ,レース中止
202146122710,レースデータが不足しているため記録を行いません,降雪の影響により翌12月28日(火)に順延となりました。 ,レース中止
202147122705,レース結果ページのデータが不足しているため記録を行いません,降雪のため取り止めになりました。,レース中止
202147122706,レース結果ページのデータが不足しているため記録を行いません,降雪のため取り止めになりました。,レース中止
202147122707,レース結果ページのデータが不足しているため記録を行いません,降雪のため取り止めになりました。,レース中止
202147122708,レース結果ページのデータが不足しているため記録を行いません,降雪のため取り止めになりました。,レース中止
202147122709,レース結果ページのデータが不足しているため記録を行いません,降雪のため取り止めになりました。,レース中止
202147122710,レース結果ページのデータが不足しているため記録を行いません,降雪のため取り止めになりました。,レース中止
202147122711,レース結果ページのデータが不足しているため記録を行いません,降雪のため取り止めになりました。,レース中止
202147122712,レース結果ページのデータが不足しているため記録を行いません,降雪のため取り止めになりました。,レース中止
202136122601,レース結果ページのデータが不足しているため記録を行いません,降雪のため取り止めになりました。,レース中止
202136122602,レース結果ページのデータが不足しているため記録を行いません,降雪のため取り止めになりました。,レース中止
202136122603,レース結果ページのデータが不足しているため記録を行いません,降雪のため取り止めになりました。,レース中止
202136122604,レース結果ページのデータが不足しているため記録を行いません,降雪のため取り止めになりました。,レース中止
202136122605,レース結果ページのデータが不足しているため記録を行いません,降雪のため取り止めになりました。,レース中止
202136122606,レース結果ページのデータが不足しているため記録を行いません,降雪のため取り止めになりました。,レース中止
202136122607,レース結果ページのデータが不足しているため記録を行いません,降雪のため取り止めになりました。,レース中止
202136122608,レース結果ページのデータが不足しているため記録を行いません,降雪のため取り止めになりました。,レース中止
202136122609,レース結果ページのデータが不足しているため記録を行いません,降雪のため取り止めになりました。,レース中止
202136122610,レース結果ページのデータが不足しているため記録を行いません,降雪のため取り止めになりました。,レース中止
202136122101,レースデータが不足しているため記録を行いません,走路状況の悪化により取り止めになりました。,レース中止
202136122102,レースデータが不足しているため記録を行いません,走路状況の悪化により取り止めになりました。,レース中止
202136122103,レースデータが不足しているため記録を行いません,走路状況の悪化により取り止めになりました。,レース中止
202136122104,レースデータが不足しているため記録を行いません,走路状況の悪化により取り止めになりました。,レース中止
202136122105,レースデータが不足しているため記録を行いません,走路状況の悪化により取り止めになりました。,レース中止
202136122106,レースデータが不足しているため記録を行いません,走路状況の悪化により取り止めになりました。,レース中止
202136122107,レースデータが不足しているため記録を行いません,走路状況の悪化により取り止めになりました。,レース中止
202136122108,レースデータが不足しているため記録を行いません,走路状況の悪化により取り止めになりました。,レース中止
202136122109,レースデータが不足しているため記録を行いません,走路状況の悪化により取り止めになりました。,レース中止
202136122110,レースデータが不足しているため記録を行いません,走路状況の悪化により取り止めになりました。,レース中止
202136122111,レースデータが不足しているため記録を行いません,走路状況の悪化により取り止めになりました。,レース中止
202136122004,レース結果ページのデータが不足しているため記録を行いません,走路状況の悪化により取り止めになりました。,レース中止
202136122005,レース結果ページのデータが不足しているため記録を行いません,走路状況の悪化により取り止めになりました。,レース中止
202136122006,レース結果ページのデータが不足しているため記録を行いません,走路状況の悪化により取り止めになりました。,レース中止
202136122007,レース結果ページのデータが不足しているため記録を行いません,走路状況の悪化により取り止めになりました。,レース中止
202136122008,レース結果ページのデータが不足しているため記録を行いません,走路状況の悪化により取り止めになりました。,レース中止
202136122009,レース結果ページのデータが不足しているため記録を行いません,走路状況の悪化により取り止めになりました。,レース中止
202136122010,レース結果ページのデータが不足しているため記録を行いません,走路状況の悪化により取り止めになりました。,レース中止
202136122011,レース結果ページのデータが不足しているため記録を行いません,走路状況の悪化により取り止めになりました。,レース中止
202136121903,レース結果ページのデータが不足しているため記録を行いません,走路状況の悪化により取り止めになりました。,レース中止
202136121904,レース結果ページのデータが不足しているため記録を行いません,走路状況の悪化により取り止めになりました。,レース中止
202136121905,レース結果ページのデータが不足しているため記録を行いません,走路状況の悪化により取り止めになりました。,レース中止
202136121906,レース結果ページのデータが不足しているため記録を行いません,走路状況の悪化により取り止めになりました。,レース中止
202136121907,レース結果ページのデータが不足しているため記録を行いません,走路状況の悪化により取り止めになりました。,レース中止
202136121908,レース結果ページのデータが不足しているため記録を行いません,走路状況の悪化により取り止めになりました。,レース中止
202136121909,レース結果ページのデータが不足しているため記録を行いません,走路状況の悪化により取り止めになりました。,レース中止
202136121910,レース結果ページのデータが不足しているため記録を行いません,走路状況の悪化により取り止めになりました。,レース中止
202136121911,レース結果ページのデータが不足しているため記録を行いません,走路状況の悪化により取り止めになりました。,レース中止
202135112211,レース結果ページのデータが不足しているため記録を行いません,濃霧による視界不良により取り止めとなりました。,レース中止
202135112212,レース結果ページのデータが不足しているため記録を行いません,濃霧による視界不良により取り止めとなりました。,レース中止
202143100105,レース結果ページのデータが不足しているため記録を行いません,台風の影響により取りやめとなりました。,レース中止
202143100106,レース結果ページのデータが不足しているため記録を行いません,台風の影響により取りやめとなりました。,レース中止
202143100107,レース結果ページのデータが不足しているため記録を行いません,台風の影響により取りやめとなりました。,レース中止
202143100108,レース結果ページのデータが不足しているため記録を行いません,台風の影響により取りやめとなりました。,レース中止
202143100109,レース結果ページのデータが不足しているため記録を行いません,台風の影響により取りやめとなりました。,レース中止
202143100110,レース結果ページのデータが不足しているため記録を行いません,台風の影響により取りやめとなりました。,レース中止
202143100111,レース結果ページのデータが不足しているため記録を行いません,台風の影響により取りやめとなりました。,レース中止
202143100112,レース結果ページのデータが不足しているため記録を行いません,台風の影響により取りやめとなりました。,レース中止
202155081501,レースデータが不足しているため記録を行いません,大雨の影響で取り止めとなりました。,レース中止
202155081502,レースデータが不足しているため記録を行いません,大雨の影響で取り止めとなりました。,レース中止
202155081503,レースデータが不足しているため記録を行いません,大雨の影響で取り止めとなりました。,レース中止
202155081504,レースデータが不足しているため記録を行いません,大雨の影響で取り止めとなりました。,レース中止
202155081505,レースデータが不足しているため記録を行いません,大雨の影響で取り止めとなりました。,レース中止
202155081506,レースデータが不足しているため記録を行いません,大雨の影響で取り止めとなりました。,レース中止
202155081507,レースデータが不足しているため記録を行いません,大雨の影響で取り止めとなりました。,レース中止
202155081508,レースデータが不足しているため記録を行いません,大雨の影響で取り止めとなりました。,レース中止
202155081509,レースデータが不足しているため記録を行いません,大雨の影響で取り止めとなりました。,レース中止
202155081510,レースデータが不足しているため記録を行いません,大雨の影響で取り止めとなりました。,レース中止
202155081511,レースデータが不足しているため記録を行いません,大雨の影響で取り止めとなりました。,レース中止
202155081401,レース結果ページのデータが不足しているため記録を行いません,大雨の影響で取り止めとなりました。,レース中止
202155081402,レース結果ページのデータが不足しているため記録を行いません,大雨の影響で取り止めとなりました。,レース中止
202155081403,レース結果ページのデータが不足しているため記録を行いません,大雨の影響で取り止めとなりました。,レース中止
202155081404,レース結果ページのデータが不足しているため記録を行いません,大雨の影響で取り止めとなりました。,レース中止
202155081405,レース結果ページのデータが不足しているため記録を行いません,大雨の影響で取り止めとなりました。,レース中止
202155081406,レース結果ページのデータが不足しているため記録を行いません,大雨の影響で取り止めとなりました。,レース中止
202155081407,レース結果ページのデータが不足しているため記録を行いません,大雨の影響で取り止めとなりました。,レース中止
202155081408,レース結果ページのデータが不足しているため記録を行いません,大雨の影響で取り止めとなりました。,レース中止
202155081409,レース結果ページのデータが不足しているため記録を行いません,大雨の影響で取り止めとなりました。,レース中止
202155081410,レース結果ページのデータが不足しているため記録を行いません,大雨の影響で取り止めとなりました。,レース中止
202155081411,レース結果ページのデータが不足しているため記録を行いません,大雨の影響で取り止めとなりました。,レース中止
202146080101,レースデータが不足しているため記録を行いません,新型コロナウイルスの集団感染が発生したため、取り止めとなりました。,レース中止
202146080102,レースデータが不足しているため記録を行いません,新型コロナウイルスの集団感染が発生したため、取り止めとなりました。,レース中止
202146080103,レースデータが不足しているため記録を行いません,新型コロナウイルスの集団感染が発生したため、取り止めとなりました。,レース中止
202146080104,レースデータが不足しているため記録を行いません,新型コロナウイルスの集団感染が発生したため、取り止めとなりました。,レース中止
202146080105,レースデータが不足しているため記録を行いません,新型コロナウイルスの集団感染が発生したため、取り止めとなりました。,レース中止
202146080106,レースデータが不足しているため記録を行いません,新型コロナウイルスの集団感染が発生したため、取り止めとなりました。,レース中止
202146080107,レースデータが不足しているため記録を行いません,新型コロナウイルスの集団感染が発生したため、取り止めとなりました。,レース中止
202146080108,レースデータが不足しているため記録を行いません,新型コロナウイルスの集団感染が発生したため、取り止めとなりました。,レース中止
202146080109,レースデータが不足しているため記録を行いません,新型コロナウイルスの集団感染が発生したため、取り止めとなりました。,レース中止
202146080110,レースデータが不足しているため記録を行いません,新型コロナウイルスの集団感染が発生したため、取り止めとなりました。,レース中止
202146080111,レースデータが不足しているため記録を行いません,新型コロナウイルスの集団感染が発生したため、取り止めとなりました。,レース中止
202130071510,レース結果ページのデータが不足しているため記録を行いません,濃霧のため取り止めとなりました。,レース中止
202130071511,レース結果ページのデータが不足しているため記録を行いません,濃霧のため取り止めとなりました。,レース中止
202130071512,レース結果ページのデータが不足しているため記録を行いません,濃霧のため取り止めとなりました。,レース中止
202150071405,レース結果ページのデータが不足しているため記録を行いません,悪天候のため取り止めとなりました。,レース中止
202148071208,レース結果ページのデータが不足しているため記録を行いません,雷雨のため取りやめとなりました。,レース中止
202136061511,レース結果ページのデータが不足しているため記録を行いません,悪天候のため取り止めとなりました。,レース中止
202155050401,レースデータが不足しているため記録を行いません,騎手・調教師・きゅう務員各1名が新型コロナウイルス陽性であることが判明し、感染拡大防止措置を講じる必要があるため取り止めとなりました。,レース中止
202155050402,レースデータが不足しているため記録を行いません,騎手・調教師・きゅう務員各1名が新型コロナウイルス陽性であることが判明し、感染拡大防止措置を講じる必要があるため取り止めとなりました。,レース中止
202155050403,レースデータが不足しているため記録を行いません,騎手・調教師・きゅう務員各1名が新型コロナウイルス陽性であることが判明し、感染拡大防止措置を講じる必要があるため取り止めとなりました。,レース中止
202155050404,レースデータが不足しているため記録を行いません,騎手・調教師・きゅう務員各1名が新型コロナウイルス陽性であることが判明し、感染拡大防止措置を講じる必要があるため取り止めとなりました。,レース中止
202155050405,レースデータが不足しているため記録を行いません,騎手・調教師・きゅう務員各1名が新型コロナウイルス陽性であることが判明し、感染拡大防止措置を講じる必要があるため取り止めとなりました。,レース中止
202155050406,レースデータが不足しているため記録を行いません,騎手・調教師・きゅう務員各1名が新型コロナウイルス陽性であることが判明し、感染拡大防止措置を講じる必要があるため取り止めとなりました。,レース中止
202155050407,レースデータが不足しているため記録を行いません,騎手・調教師・きゅう務員各1名が新型コロナウイルス陽性であることが判明し、感染拡大防止措置を講じる必要があるため取り止めとなりました。,レース中止
202155050408,レースデータが不足しているため記録を行いません,騎手・調教師・きゅう務員各1名が新型コロナウイルス陽性であることが判明し、感染拡大防止措置を講じる必要があるため取り止めとなりました。,レース中止
202155050409,レースデータが不足しているため記録を行いません,騎手・調教師・きゅう務員各1名が新型コロナウイルス陽性であることが判明し、感染拡大防止措置を講じる必要があるため取り止めとなりました。,レース中止
202155050410,レースデータが不足しているため記録を行いません,騎手・調教師・きゅう務員各1名が新型コロナウイルス陽性であることが判明し、感染拡大防止措置を講じる必要があるため取り止めとなりました。,レース中止
202155050411,レースデータが不足しているため記録を行いません,騎手・調教師・きゅう務員各1名が新型コロナウイルス陽性であることが判明し、感染拡大防止措置を講じる必要があるため取り止めとなりました。,レース中止
202155050412,レースデータが不足しているため記録を行いません,騎手・調教師・きゅう務員各1名が新型コロナウイルス陽性であることが判明し、感染拡大防止措置を講じる必要があるため取り止めとなりました。,レース中止
202155050301,レースデータが不足しているため記録を行いません,騎手・調教師・きゅう務員各1名が新型コロナウイルス陽性であることが判明し、感染拡大防止措置を講じる必要があるため取り止めとなりました。,レース中止
202155050302,レースデータが不足しているため記録を行いません,騎手・調教師・きゅう務員各1名が新型コロナウイルス陽性であることが判明し、感染拡大防止措置を講じる必要があるため取り止めとなりました。,レース中止
202155050303,レースデータが不足しているため記録を行いません,騎手・調教師・きゅう務員各1名が新型コロナウイルス陽性であることが判明し、感染拡大防止措置を講じる必要があるため取り止めとなりました。,レース中止
202155050304,レースデータが不足しているため記録を行いません,騎手・調教師・きゅう務員各1名が新型コロナウイルス陽性であることが判明し、感染拡大防止措置を講じる必要があるため取り止めとなりました。,レース中止
202155050305,レースデータが不足しているため記録を行いません,騎手・調教師・きゅう務員各1名が新型コロナウイルス陽性であることが判明し、感染拡大防止措置を講じる必要があるため取り止めとなりました。,レース中止
202155050306,レースデータが不足しているため記録を行いません,騎手・調教師・きゅう務員各1名が新型コロナウイルス陽性であることが判明し、感染拡大防止措置を講じる必要があるため取り止めとなりました。,レース中止
202155050307,レースデータが不足しているため記録を行いません,騎手・調教師・きゅう務員各1名が新型コロナウイルス陽性であることが判明し、感染拡大防止措置を講じる必要があるため取り止めとなりました。,レース中止
202155050308,レースデータが不足しているため記録を行いません,騎手・調教師・きゅう務員各1名が新型コロナウイルス陽性であることが判明し、感染拡大防止措置を講じる必要があるため取り止めとなりました。,レース中止
202155050309,レースデータが不足しているため記録を行いません,騎手・調教師・きゅう務員各1名が新型コロナウイルス陽性であることが判明し、感染拡大防止措置を講じる必要があるため取り止めとなりました。,レース中止
202155050310,レースデータが不足しているため記録を行いません,騎手・調教師・きゅう務員各1名が新型コロナウイルス陽性であることが判明し、感染拡大防止措置を講じる必要があるため取り止めとなりました。,レース中止
202155050311,レースデータが不足しているため記録を行いません,騎手・調教師・きゅう務員各1名が新型コロナウイルス陽性であることが判明し、感染拡大防止措置を講じる必要があるため取り止めとなりました。,レース中止
202155050312,レースデータが不足しているため記録を行いません,騎手・調教師・きゅう務員各1名が新型コロナウイルス陽性であることが判明し、感染拡大防止措置を講じる必要があるため取り止めとなりました。,レース中止
202154021006,レース結果ページのデータが不足しているため記録を行いません,発走後において競走中止した馬が走路に残り、競走全般に重大な影響を与えたため競走不成立となりました。,レース実施
202147012101,レースデータが不足しているため記録を行いません,名古屋国税局から笠松競馬関係者が所得税の申告漏れの指摘を受けた報道を受け、事実確認を行うため取り止めとなりました。,レース中止
202147012102,レースデータが不足しているため記録を行いません,名古屋国税局から笠松競馬関係者が所得税の申告漏れの指摘を受けた報道を受け、事実確認を行うため取り止めとなりました。,レース中止
202147012103,レースデータが不足しているため記録を行いません,名古屋国税局から笠松競馬関係者が所得税の申告漏れの指摘を受けた報道を受け、事実確認を行うため取り止めとなりました。,レース中止
202147012104,レースデータが不足しているため記録を行いません,名古屋国税局から笠松競馬関係者が所得税の申告漏れの指摘を受けた報道を受け、事実確認を行うため取り止めとなりました。,レース中止
202147012105,レースデータが不足しているため記録を行いません,名古屋国税局から笠松競馬関係者が所得税の申告漏れの指摘を受けた報道を受け、事実確認を行うため取り止めとなりました。,レース中止
202147012106,レースデータが不足しているため記録を行いません,名古屋国税局から笠松競馬関係者が所得税の申告漏れの指摘を受けた報道を受け、事実確認を行うため取り止めとなりました。,レース中止
202147012107,レースデータが不足しているため記録を行いません,名古屋国税局から笠松競馬関係者が所得税の申告漏れの指摘を受けた報道を受け、事実確認を行うため取り止めとなりました。,レース中止
202147012108,レースデータが不足しているため記録を行いません,名古屋国税局から笠松競馬関係者が所得税の申告漏れの指摘を受けた報道を受け、事実確認を行うため取り止めとなりました。,レース中止
202147012109,レースデータが不足しているため記録を行いません,名古屋国税局から笠松競馬関係者が所得税の申告漏れの指摘を受けた報道を受け、事実確認を行うため取り止めとなりました。,レース中止
202147012110,レースデータが不足しているため記録を行いません,名古屋国税局から笠松競馬関係者が所得税の申告漏れの指摘を受けた報道を受け、事実確認を行うため取り止めとなりました。,レース中止
202147012111,レースデータが不足しているため記録を行いません,名古屋国税局から笠松競馬関係者が所得税の申告漏れの指摘を受けた報道を受け、事実確認を行うため取り止めとなりました。,レース中止
202147012001,レースデータが不足しているため記録を行いません,名古屋国税局から笠松競馬関係者が所得税の申告漏れの指摘を受けた報道を受け、事実確認を行うため取り止めとなりました。,レース中止
202147012002,レースデータが不足しているため記録を行いません,名古屋国税局から笠松競馬関係者が所得税の申告漏れの指摘を受けた報道を受け、事実確認を行うため取り止めとなりました。,レース中止
202147012003,レースデータが不足しているため記録を行いません,名古屋国税局から笠松競馬関係者が所得税の申告漏れの指摘を受けた報道を受け、事実確認を行うため取り止めとなりました。,レース中止
202147012004,レースデータが不足しているため記録を行いません,名古屋国税局から笠松競馬関係者が所得税の申告漏れの指摘を受けた報道を受け、事実確認を行うため取り止めとなりました。,レース中止
202147012005,レースデータが不足しているため記録を行いません,名古屋国税局から笠松競馬関係者が所得税の申告漏れの指摘を受けた報道を受け、事実確認を行うため取り止めとなりました。,レース中止
202147012006,レースデータが不足しているため記録を行いません,名古屋国税局から笠松競馬関係者が所得税の申告漏れの指摘を受けた報道を受け、事実確認を行うため取り止めとなりました。,レース中止
202147012007,レースデータが不足しているため記録を行いません,名古屋国税局から笠松競馬関係者が所得税の申告漏れの指摘を受けた報道を受け、事実確認を行うため取り止めとなりました。,レース中止
202147012008,レースデータが不足しているため記録を行いません,名古屋国税局から笠松競馬関係者が所得税の申告漏れの指摘を受けた報道を受け、事実確認を行うため取り止めとなりました。,レース中止
202147012009,レースデータが不足しているため記録を行いません,名古屋国税局から笠松競馬関係者が所得税の申告漏れの指摘を受けた報道を受け、事実確認を行うため取り止めとなりました。,レース中止
202147012010,レースデータが不足しているため記録を行いません,名古屋国税局から笠松競馬関係者が所得税の申告漏れの指摘を受けた報道を受け、事実確認を行うため取り止めとなりました。,レース中止
202147012011,レースデータが不足しているため記録を行いません,名古屋国税局から笠松競馬関係者が所得税の申告漏れの指摘を受けた報道を受け、事実確認を行うため取り止めとなりました。,レース中止
202147011901,レースデータが不足しているため記録を行いません,名古屋国税局から笠松競馬関係者が所得税の申告漏れの指摘を受けた報道を受け、事実確認を行うため取り止めとなりました。,レース中止
202147011902,レースデータが不足しているため記録を行いません,名古屋国税局から笠松競馬関係者が所得税の申告漏れの指摘を受けた報道を受け、事実確認を行うため取り止めとなりました。,レース中止
202147011903,レースデータが不足しているため記録を行いません,名古屋国税局から笠松競馬関係者が所得税の申告漏れの指摘を受けた報道を受け、事実確認を行うため取り止めとなりました。,レース中止
202147011904,レースデータが不足しているため記録を行いません,名古屋国税局から笠松競馬関係者が所得税の申告漏れの指摘を受けた報道を受け、事実確認を行うため取り止めとなりました。,レース中止
202147011905,レースデータが不足しているため記録を行いません,名古屋国税局から笠松競馬関係者が所得税の申告漏れの指摘を受けた報道を受け、事実確認を行うため取り止めとなりました。,レース中止
202147011906,レースデータが不足しているため記録を行いません,名古屋国税局から笠松競馬関係者が所得税の申告漏れの指摘を受けた報道を受け、事実確認を行うため取り止めとなりました。,レース中止
202147011907,レースデータが不足しているため記録を行いません,名古屋国税局から笠松競馬関係者が所得税の申告漏れの指摘を受けた報道を受け、事実確認を行うため取り止めとなりました。,レース中止
202147011908,レースデータが不足しているため記録を行いません,名古屋国税局から笠松競馬関係者が所得税の申告漏れの指摘を受けた報道を受け、事実確認を行うため取り止めとなりました。,レース中止
202147011909,レースデータが不足しているため記録を行いません,名古屋国税局から笠松競馬関係者が所得税の申告漏れの指摘を受けた報道を受け、事実確認を行うため取り止めとなりました。,レース中止
202147011910,レースデータが不足しているため記録を行いません,名古屋国税局から笠松競馬関係者が所得税の申告漏れの指摘を受けた報道を受け、事実確認を行うため取り止めとなりました。,レース中止
202147011911,レースデータが不足しているため記録を行いません,名古屋国税局から笠松競馬関係者が所得税の申告漏れの指摘を受けた報道を受け、事実確認を行うため取り止めとなりました。,レース中止
202136011101,レースデータが不足しているため記録を行いません,馬場凍結により走路状態の回復が見込めないため取り止めとなりました。,レース中止
202136011102,レースデータが不足しているため記録を行いません,馬場凍結により走路状態の回復が見込めないため取り止めとなりました。,レース中止
202136011103,レースデータが不足しているため記録を行いません,馬場凍結により走路状態の回復が見込めないため取り止めとなりました。,レース中止
202136011104,レースデータが不足しているため記録を行いません,馬場凍結により走路状態の回復が見込めないため取り止めとなりました。,レース中止
202136011105,レースデータが不足しているため記録を行いません,馬場凍結により走路状態の回復が見込めないため取り止めとなりました。,レース中止
202136011106,レースデータが不足しているため記録を行いません,馬場凍結により走路状態の回復が見込めないため取り止めとなりました。,レース中止
202136011107,レースデータが不足しているため記録を行いません,馬場凍結により走路状態の回復が見込めないため取り止めとなりました。,レース中止
202136011108,レースデータが不足しているため記録を行いません,馬場凍結により走路状態の回復が見込めないため取り止めとなりました。,レース中止
202136011109,レースデータが不足しているため記録を行いません,馬場凍結により走路状態の回復が見込めないため取り止めとなりました。,レース中止
202136011110,レースデータが不足しているため記録を行いません,馬場凍結により走路状態の回復が見込めないため取り止めとなりました。,レース中止
202136011001,レースデータが不足しているため記録を行いません,馬場凍結により走路状態の回復が見込めないため取り止めとなりました。,レース中止
202136011002,レースデータが不足しているため記録を行いません,馬場凍結により走路状態の回復が見込めないため取り止めとなりました。,レース中止
202136011003,レースデータが不足しているため記録を行いません,馬場凍結により走路状態の回復が見込めないため取り止めとなりました。,レース中止
202136011004,レースデータが不足しているため記録を行いません,馬場凍結により走路状態の回復が見込めないため取り止めとなりました。,レース中止
202136011005,レースデータが不足しているため記録を行いません,馬場凍結により走路状態の回復が見込めないため取り止めとなりました。,レース中止
202136011006,レースデータが不足しているため記録を行いません,馬場凍結により走路状態の回復が見込めないため取り止めとなりました。,レース中止
202136011007,レースデータが不足しているため記録を行いません,馬場凍結により走路状態の回復が見込めないため取り止めとなりました。,レース中止
202136011008,レースデータが不足しているため記録を行いません,馬場凍結により走路状態の回復が見込めないため取り止めとなりました。,レース中止
202136011009,レースデータが不足しているため記録を行いません,馬場凍結により走路状態の回復が見込めないため取り止めとなりました。,レース中止
202136011010,レースデータが不足しているため記録を行いません,馬場凍結により走路状態の回復が見込めないため取り止めとなりました。,レース中止
202155011001,レースデータが不足しているため記録を行いません,当レースは降雪の影響により安全な競馬の施行に支障があると判断されるため取り止めとなりました。,レース中止
202155011002,レースデータが不足しているため記録を行いません,当レースは降雪の影響により安全な競馬の施行に支障があると判断されるため取り止めとなりました。,レース中止
202155011003,レースデータが不足しているため記録を行いません,当レースは降雪の影響により安全な競馬の施行に支障があると判断されるため取り止めとなりました。,レース中止
202155011004,レースデータが不足しているため記録を行いません,当レースは降雪の影響により安全な競馬の施行に支障があると判断されるため取り止めとなりました。,レース中止
202155011005,レースデータが不足しているため記録を行いません,当レースは降雪の影響により安全な競馬の施行に支障があると判断されるため取り止めとなりました。,レース中止
202155011006,レースデータが不足しているため記録を行いません,当レースは降雪の影響により安全な競馬の施行に支障があると判断されるため取り止めとなりました。,レース中止
202155011007,レースデータが不足しているため記録を行いません,当レースは降雪の影響により安全な競馬の施行に支障があると判断されるため取り止めとなりました。,レース中止
202155011008,レースデータが不足しているため記録を行いません,当レースは降雪の影響により安全な競馬の施行に支障があると判断されるため取り止めとなりました。,レース中止
202155011009,レースデータが不足しているため記録を行いません,当レースは降雪の影響により安全な競馬の施行に支障があると判断されるため取り止めとなりました。,レース中止
202155011010,レースデータが不足しているため記録を行いません,当レースは降雪の影響により安全な競馬の施行に支障があると判断されるため取り止めとなりました。,レース中止
202136010901,レース結果ページのデータが不足しているため記録を行いません,馬場凍結により走路状態の回復が見込めないため取り止めとなりました。,レース中止
202136010902,レース結果ページのデータが不足しているため記録を行いません,馬場凍結により走路状態の回復が見込めないため取り止めとなりました。,レース中止
202136010903,レース結果ページのデータが不足しているため記録を行いません,馬場凍結により走路状態の回復が見込めないため取り止めとなりました。,レース中止
202136010904,レース結果ページのデータが不足しているため記録を行いません,馬場凍結により走路状態の回復が見込めないため取り止めとなりました。,レース中止
202136010905,レース結果ページのデータが不足しているため記録を行いません,馬場凍結により走路状態の回復が見込めないため取り止めとなりました。,レース中止
202136010906,レース結果ページのデータが不足しているため記録を行いません,馬場凍結により走路状態の回復が見込めないため取り止めとなりました。,レース中止
202136010907,レース結果ページのデータが不足しているため記録を行いません,馬場凍結により走路状態の回復が見込めないため取り止めとなりました。,レース中止
202136010908,レース結果ページのデータが不足しているため記録を行いません,馬場凍結により走路状態の回復が見込めないため取り止めとなりました。,レース中止
202136010909,レース結果ページのデータが不足しているため記録を行いません,馬場凍結により走路状態の回復が見込めないため取り止めとなりました。,レース中止
202136010910,レース結果ページのデータが不足しているため記録を行いません,馬場凍結により走路状態の回復が見込めないため取り止めとなりました。,レース中止
202036123002,レース結果ページのデータが不足しているため記録を行いません,当レースは降雪による走路状況悪化及び視界不良のため取り止めとなりました。,レース中止
202036123003,レース結果ページのデータが不足しているため記録を行いません,当レースは降雪による走路状況悪化及び視界不良のため取り止めとなりました。,レース中止
202036123004,レース結果ページのデータが不足しているため記録を行いません,当レースは降雪による走路状況悪化及び視界不良のため取り止めとなりました。,レース中止
202036123005,レース結果ページのデータが不足しているため記録を行いません,当レースは降雪による走路状況悪化及び視界不良のため取り止めとなりました。,レース中止
202036123006,レース結果ページのデータが不足しているため記録を行いません,当レースは降雪による走路状況悪化及び視界不良のため取り止めとなりました。,レース中止
202036123007,レース結果ページのデータが不足しているため記録を行いません,当レースは降雪による走路状況悪化及び視界不良のため取り止めとなりました。,レース中止
202036123008,レース結果ページのデータが不足しているため記録を行いません,当レースは降雪による走路状況悪化及び視界不良のため取り止めとなりました。,レース中止
202036123009,レース結果ページのデータが不足しているため記録を行いません,当レースは降雪による走路状況悪化及び視界不良のため取り止めとなりました。,レース中止
202036123010,レース結果ページのデータが不足しているため記録を行いません,当レースは降雪による走路状況悪化及び視界不良のため取り止めとなりました。,レース中止
202036122101,レースデータが不足しているため記録を行いません,当レースは降雪の影響により安全な競馬の施行に支障があると判断されるため取り止めとなりました。,レース中止
202036122102,レースデータが不足しているため記録を行いません,当レースは降雪の影響により安全な競馬の施行に支障があると判断されるため取り止めとなりました。,レース中止
202036122103,レースデータが不足しているため記録を行いません,当レースは降雪の影響により安全な競馬の施行に支障があると判断されるため取り止めとなりました。,レース中止
202036122104,レースデータが不足しているため記録を行いません,当レースは降雪の影響により安全な競馬の施行に支障があると判断されるため取り止めとなりました。,レース中止
202036122105,レースデータが不足しているため記録を行いません,当レースは降雪の影響により安全な競馬の施行に支障があると判断されるため取り止めとなりました。,レース中止
202036122106,レースデータが不足しているため記録を行いません,当レースは降雪の影響により安全な競馬の施行に支障があると判断されるため取り止めとなりました。,レース中止
202036122107,レースデータが不足しているため記録を行いません,当レースは降雪の影響により安全な競馬の施行に支障があると判断されるため取り止めとなりました。,レース中止
202036122108,レースデータが不足しているため記録を行いません,当レースは降雪の影響により安全な競馬の施行に支障があると判断されるため取り止めとなりました。,レース中止
202036122109,レースデータが不足しているため記録を行いません,当レースは降雪の影響により安全な競馬の施行に支障があると判断されるため取り止めとなりました。,レース中止
202036122110,レースデータが不足しているため記録を行いません,当レースは降雪の影響により安全な競馬の施行に支障があると判断されるため取り止めとなりました。,レース中止
202036122111,レースデータが不足しているため記録を行いません,当レースは降雪による走路状況悪化及び視界不良のため取り止めとなりました。,レース中止
202036122001,レースデータが不足しているため記録を行いません,当レースは降雪の影響により安全な競馬の施行に支障があると判断されるため取り止めとなりました。,レース中止
202036122002,レースデータが不足しているため記録を行いません,当レースは降雪の影響により安全な競馬の施行に支障があると判断されるため取り止めとなりました。,レース中止
202036122003,レースデータが不足しているため記録を行いません,当レースは降雪の影響により安全な競馬の施行に支障があると判断されるため取り止めとなりました。,レース中止
202036122004,レースデータが不足しているため記録を行いません,当レースは降雪の影響により安全な競馬の施行に支障があると判断されるため取り止めとなりました。,レース中止
202036122005,レースデータが不足しているため記録を行いません,当レースは降雪の影響により安全な競馬の施行に支障があると判断されるため取り止めとなりました。,レース中止
202036122006,レースデータが不足しているため記録を行いません,当レースは降雪の影響により安全な競馬の施行に支障があると判断されるため取り止めとなりました。,レース中止
202036122007,レースデータが不足しているため記録を行いません,当レースは降雪の影響により安全な競馬の施行に支障があると判断されるため取り止めとなりました。,レース中止
202036122008,レースデータが不足しているため記録を行いません,当レースは降雪の影響により安全な競馬の施行に支障があると判断されるため取り止めとなりました。,レース中止
202036122009,レースデータが不足しているため記録を行いません,当レースは降雪の影響により安全な競馬の施行に支障があると判断されるため取り止めとなりました。,レース中止
202036122010,レースデータが不足しているため記録を行いません,当レースは降雪の影響により安全な競馬の施行に支障があると判断されるため取り止めとなりました。,レース中止
202036122011,レースデータが不足しているため記録を行いません,当レースは降雪の影響により安全な競馬の施行に支障があると判断されるため取り止めとなりました。,レース中止
202036121901,レースデータが不足しているため記録を行いません,当レースは降雪の影響により安全な競馬の施行に支障があると判断されるため取り止めとなりました。,レース中止
202036121902,レースデータが不足しているため記録を行いません,当レースは降雪の影響により安全な競馬の施行に支障があると判断されるため取り止めとなりました。,レース中止
202036121903,レースデータが不足しているため記録を行いません,当レースは降雪の影響により安全な競馬の施行に支障があると判断されるため取り止めとなりました。,レース中止
202036121904,レースデータが不足しているため記録を行いません,当レースは降雪の影響により安全な競馬の施行に支障があると判断されるため取り止めとなりました。,レース中止
202036121905,レースデータが不足しているため記録を行いません,当レースは降雪の影響により安全な競馬の施行に支障があると判断されるため取り止めとなりました。,レース中止
202036121906,レースデータが不足しているため記録を行いません,当レースは降雪の影響により安全な競馬の施行に支障があると判断されるため取り止めとなりました。,レース中止
202036121907,レースデータが不足しているため記録を行いません,当レースは降雪の影響により安全な競馬の施行に支障があると判断されるため取り止めとなりました。,レース中止
202036121908,レースデータが不足しているため記録を行いません,当レースは降雪の影響により安全な競馬の施行に支障があると判断されるため取り止めとなりました。,レース中止
202036121909,レースデータが不足しているため記録を行いません,当レースは降雪の影響により安全な競馬の施行に支障があると判断されるため取り止めとなりました。,レース中止
202036121910,レースデータが不足しているため記録を行いません,当レースは降雪の影響により安全な競馬の施行に支障があると判断されるため取り止めとなりました。,レース中止
202036121911,レースデータが不足しているため記録を行いません,当レースは降雪の影響により安全な競馬の施行に支障があると判断されるため取り止めとなりました。,レース中止
202036121501,レースデータが不足しているため記録を行いません,当レースは降雪の影響により安全な競馬の施行に支障があると判断されるため取り止めとなりました。,レース中止
202036121502,レースデータが不足しているため記録を行いません,当レースは降雪の影響により安全な競馬の施行に支障があると判断されるため取り止めとなりました。,レース中止
202036121503,レースデータが不足しているため記録を行いません,当レースは降雪の影響により安全な競馬の施行に支障があると判断されるため取り止めとなりました。,レース中止
202036121504,レースデータが不足しているため記録を行いません,当レースは降雪の影響により安全な競馬の施行に支障があると判断されるため取り止めとなりました。,レース中止
202036121505,レースデータが不足しているため記録を行いません,当レースは降雪の影響により安全な競馬の施行に支障があると判断されるため取り止めとなりました。,レース中止
202036121506,レースデータが不足しているため記録を行いません,当レースは降雪の影響により安全な競馬の施行に支障があると判断されるため取り止めとなりました。,レース中止
202036121507,レースデータが不足しているため記録を行いません,当レースは降雪の影響により安全な競馬の施行に支障があると判断されるため取り止めとなりました。,レース中止
202036121508,レースデータが不足しているため記録を行いません,当レースは降雪の影響により安全な競馬の施行に支障があると判断されるため取り止めとなりました。,レース中止
202036121509,レースデータが不足しているため記録を行いません,当レースは降雪の影響により安全な競馬の施行に支障があると判断されるため取り止めとなりました。,レース中止
202036121510,レースデータが不足しているため記録を行いません,当レースは降雪の影響により安全な競馬の施行に支障があると判断されるため取り止めとなりました。,レース中止
202036121511,レースデータが不足しているため記録を行いません,当レースは降雪の影響により安全な競馬の施行に支障があると判断されるため取り止めとなりました。,レース中止
202054090609,レース結果ページのデータが不足しているため記録を行いません,当レースは天候不良のため取り止めとなりました。,レース中止
202054090610,レース結果ページのデータが不足しているため記録を行いません,当レースは天候不良のため取り止めとなりました。,レース中止
202054090611,レース結果ページのデータが不足しているため記録を行いません,当レースは天候不良のため取り止めとなりました。,レース中止
202054090612,レース結果ページのデータが不足しているため記録を行いません,当レースは天候不良のため取り止めとなりました。,レース中止
202048090401,レース結果ページのデータが不足しているため記録を行いません,当レースは悪天候の影響により安全かつ公正な競馬ができないため取り止めとなりました。,レース中止
202048090402,レース結果ページのデータが不足しているため記録を行いません,当レースは悪天候の影響により安全かつ公正な競馬ができないため取り止めとなりました。,レース中止
202048090403,レース結果ページのデータが不足しているため記録を行いません,当レースは悪天候の影響により安全かつ公正な競馬ができないため取り止めとなりました。,レース中止
202048090404,レース結果ページのデータが不足しているため記録を行いません,当レースは悪天候の影響により安全かつ公正な競馬ができないため取り止めとなりました。,レース中止
202048090405,レース結果ページのデータが不足しているため記録を行いません,当レースは悪天候の影響により安全かつ公正な競馬ができないため取り止めとなりました。,レース中止
202048090406,レース結果ページのデータが不足しているため記録を行いません,当レースは悪天候の影響により安全かつ公正な競馬ができないため取り止めとなりました。,レース中止
202048090407,レース結果ページのデータが不足しているため記録を行いません,当レースは悪天候の影響により安全かつ公正な競馬ができないため取り止めとなりました。,レース中止
202048090408,レース結果ページのデータが不足しているため記録を行いません,当レースは悪天候の影響により安全かつ公正な競馬ができないため取り止めとなりました。,レース中止
202048090409,レース結果ページのデータが不足しているため記録を行いません,当レースは悪天候の影響により安全かつ公正な競馬ができないため取り止めとなりました。,レース中止
202048090410,レース結果ページのデータが不足しているため記録を行いません,当レースは悪天候の影響により安全かつ公正な競馬ができないため取り止めとなりました。,レース中止
202048090411,レース結果ページのデータが不足しているため記録を行いません,当レースは悪天候の影響により安全かつ公正な競馬ができないため取り止めとなりました。,レース中止
202048090412,レース結果ページのデータが不足しているため記録を行いません,当レースは悪天候の影響により安全かつ公正な競馬ができないため取り止めとなりました。,レース中止
202045082601,レースデータが不足しているため記録を行いません,南関東4競馬場所属騎手のPCR検査を実施するため、開催取り止めとなりました。,レース中止
202045082602,レースデータが不足しているため記録を行いません,南関東4競馬場所属騎手のPCR検査を実施するため、開催取り止めとなりました。,レース中止
202045082603,レースデータが不足しているため記録を行いません,南関東4競馬場所属騎手のPCR検査を実施するため、開催取り止めとなりました。,レース中止
202045082604,レースデータが不足しているため記録を行いません,南関東4競馬場所属騎手のPCR検査を実施するため、開催取り止めとなりました。,レース中止
202045082605,レースデータが不足しているため記録を行いません,南関東4競馬場所属騎手のPCR検査を実施するため、開催取り止めとなりました。,レース中止
202045082606,レースデータが不足しているため記録を行いません,南関東4競馬場所属騎手のPCR検査を実施するため、開催取り止めとなりました。,レース中止
202045082607,レースデータが不足しているため記録を行いません,南関東4競馬場所属騎手のPCR検査を実施するため、開催取り止めとなりました。,レース中止
202045082608,レースデータが不足しているため記録を行いません,南関東4競馬場所属騎手のPCR検査を実施するため、開催取り止めとなりました。,レース中止
202045082609,レースデータが不足しているため記録を行いません,南関東4競馬場所属騎手のPCR検査を実施するため、開催取り止めとなりました。,レース中止
202045082610,レースデータが不足しているため記録を行いません,南関東4競馬場所属騎手のPCR検査を実施するため、開催取り止めとなりました。,レース中止
202045082611,レースデータが不足しているため記録を行いません,南関東4競馬場所属騎手のPCR検査を実施するため、開催取り止めとなりました。,レース中止
202045082612,レースデータが不足しているため記録を行いません,南関東4競馬場所属騎手のPCR検査を実施するため、開催取り止めとなりました。,レース中止
202045082501,レースデータが不足しているため記録を行いません,PCR検査陽性の騎手が確認されたため、開催取り止めとなりました。,レース中止
202045082502,レースデータが不足しているため記録を行いません,PCR検査陽性の騎手が確認されたため、開催取り止めとなりました。,レース中止
202045082503,レースデータが不足しているため記録を行いません,PCR検査陽性の騎手が確認されたため、開催取り止めとなりました。,レース中止
202045082504,レースデータが不足しているため記録を行いません,PCR検査陽性の騎手が確認されたため、開催取り止めとなりました。,レース中止
202045082505,レースデータが不足しているため記録を行いません,PCR検査陽性の騎手が確認されたため、開催取り止めとなりました。,レース中止
202045082506,レースデータが不足しているため記録を行いません,PCR検査陽性の騎手が確認されたため、開催取り止めとなりました。,レース中止
202045082507,レースデータが不足しているため記録を行いません,PCR検査陽性の騎手が確認されたため、開催取り止めとなりました。,レース中止
202045082508,レースデータが不足しているため記録を行いません,PCR検査陽性の騎手が確認されたため、開催取り止めとなりました。,レース中止
202045082509,レースデータが不足しているため記録を行いません,PCR検査陽性の騎手が確認されたため、開催取り止めとなりました。,レース中止
202045082510,レースデータが不足しているため記録を行いません,PCR検査陽性の騎手が確認されたため、開催取り止めとなりました。,レース中止
202045082511,レースデータが不足しているため記録を行いません,PCR検査陽性の騎手が確認されたため、開催取り止めとなりました。,レース中止
202045082512,レースデータが不足しているため記録を行いません,PCR検査陽性の騎手が確認されたため、開催取り止めとなりました。,レース中止
202045082401,レース結果ページのデータが不足しているため記録を行いません,PCR検査陽性の騎手が確認されたため、開催取り止めとなりました。,レース中止
202045082402,レース結果ページのデータが不足しているため記録を行いません,PCR検査陽性の騎手が確認されたため、開催取り止めとなりました。,レース中止
202045082403,レース結果ページのデータが不足しているため記録を行いません,PCR検査陽性の騎手が確認されたため、開催取り止めとなりました。,レース中止
202045082404,レース結果ページのデータが不足しているため記録を行いません,PCR検査陽性の騎手が確認されたため、開催取り止めとなりました。,レース中止
202045082405,レース結果ページのデータが不足しているため記録を行いません,PCR検査陽性の騎手が確認されたため、開催取り止めとなりました。,レース中止
202045082406,レース結果ページのデータが不足しているため記録を行いません,PCR検査陽性の騎手が確認されたため、開催取り止めとなりました。,レース中止
202045082407,レース結果ページのデータが不足しているため記録を行いません,PCR検査陽性の騎手が確認されたため、開催取り止めとなりました。,レース中止
202045082408,レース結果ページのデータが不足しているため記録を行いません,PCR検査陽性の騎手が確認されたため、開催取り止めとなりました。,レース中止
202045082409,レース結果ページのデータが不足しているため記録を行いません,PCR検査陽性の騎手が確認されたため、開催取り止めとなりました。,レース中止
202045082410,レース結果ページのデータが不足しているため記録を行いません,PCR検査陽性の騎手が確認されたため、開催取り止めとなりました。,レース中止
202045082411,レース結果ページのデータが不足しているため記録を行いません,PCR検査陽性の騎手が確認されたため、開催取り止めとなりました。,レース中止
202045082412,レース結果ページのデータが不足しているため記録を行いません,PCR検査陽性の騎手が確認されたため、開催取り止めとなりました。,レース中止
202042081310,レース結果ページのデータが不足しているため記録を行いません,当レースは悪天候のため、取り止めとなりました。,レース中止
202042081311,レース結果ページのデータが不足しているため記録を行いません,当レースは馬場状況悪化のため、取り止めとなりました。,レース中止
202042081312,レース結果ページのデータが不足しているため記録を行いません,当レースは馬場状況悪化のため、取り止めとなりました。,レース中止
202042081207,レース結果ページのデータが不足しているため記録を行いません,当レースは悪天候の影響により安全かつ公正な競馬ができないため取り止めとなりました。,レース中止
202042081208,レース結果ページのデータが不足しているため記録を行いません,当レースは悪天候の影響により安全かつ公正な競馬ができないため取り止めとなりました。,レース中止
202042081209,レース結果ページのデータが不足しているため記録を行いません,当レースは悪天候の影響により安全かつ公正な競馬ができないため取り止めとなりました。,レース中止
202042081210,レース結果ページのデータが不足しているため記録を行いません,当レースは悪天候の影響により安全かつ公正な競馬ができないため取り止めとなりました。,レース中止
202042081211,レース結果ページのデータが不足しているため記録を行いません,当レースは悪天候の影響により安全かつ公正な競馬ができないため取り止めとなりました。,レース中止
202042081212,レース結果ページのデータが不足しているため記録を行いません,当レースは悪天候の影響により安全かつ公正な競馬ができないため取り止めとなりました。,レース中止
202030072210,レース結果ページのデータが不足しているため記録を行いません,当レースは濃霧の影響により安全かつ公正な競馬ができないため取り止めとなりました。,レース中止
202035071906,レース結果ページのデータが不足しているため記録を行いません,当レースは天候不良により取り止めとなりました。,レース中止
202035071907,レース結果ページのデータが不足しているため記録を行いません,当レースは降雨による走路状況悪化のため取り止めとなりました。,レース中止
202030070811,レース結果ページのデータが不足しているため記録を行いません,当レースは濃霧の影響により安全かつ公正な競馬ができないため取り止めとなりました。,レース中止
202043061901,レース結果ページのデータが不足しているため記録を行いません,当レースは音声放送設備の故障のため、取り止めとなりました。,レース中止
202043061902,レース結果ページのデータが不足しているため記録を行いません,当レースは音声放送設備の故障のため、取り止めとなりました。,レース中止
202043061903,レース結果ページのデータが不足しているため記録を行いません,当レースは音声放送設備の故障のため、取り止めとなりました。,レース中止
202043061904,レース結果ページのデータが不足しているため記録を行いません,当レースは音声放送設備の故障のため、取り止めとなりました。,レース中止
202043061905,レース結果ページのデータが不足しているため記録を行いません,当レースは音声放送設備の故障のため、取り止めとなりました。,レース中止
202030052711,レース結果ページのデータが不足しているため記録を行いません,当レースは濃霧の影響により安全かつ公正な競馬ができないため取り止めとなりました。,レース中止
202048041011,レース結果ページのデータが不足しているため記録を行いません,レース確定後10分前後で公開予定です。,レース実施
202047040205,レース結果ページのデータが不足しているため記録を行いません,レース確定後10分前後で公開予定です。,レース実施
202050010804,レース結果ページのデータが不足しているため記録を行いません,当レースは馬場コンディション不良により安全かつ公正な競馬ができないため取り止めとなりました。,レース中止
202050010805,レース結果ページのデータが不足しているため記録を行いません,当レースは馬場コンディション不良により安全かつ公正な競馬ができないため取り止めとなりました。,レース中止
202050010806,レース結果ページのデータが不足しているため記録を行いません,当レースは馬場コンディション不良により安全かつ公正な競馬ができないため取り止めとなりました。,レース中止
202050010807,レース結果ページのデータが不足しているため記録を行いません,当レースは馬場コンディション不良により安全かつ公正な競馬ができないため取り止めとなりました。,レース中止
202050010808,レース結果ページのデータが不足しているため記録を行いません,当レースは馬場コンディション不良により安全かつ公正な競馬ができないため取り止めとなりました。,レース中止
202050010809,レース結果ページのデータが不足しているため記録を行いません,当レースは馬場コンディション不良により安全かつ公正な競馬ができないため取り止めとなりました。,レース中止
202050010810,レース結果ページのデータが不足しているため記録を行いません,当レースは馬場コンディション不良により安全かつ公正な競馬ができないため取り止めとなりました。,レース中止
202050010811,レース結果ページのデータが不足しているため記録を行いません,当レースは馬場コンディション不良により安全かつ公正な競馬ができないため取り止めとなりました。,レース中止
202050010812,レース結果ページのデータが不足しているため記録を行いません,当レースは馬場コンディション不良により安全かつ公正な競馬ができないため取り止めとなりました。,レース中止
201935111801,レースデータが不足しているため記録を行いません,当レースは禁止薬物陽性馬が発生したことの重大性を鑑み開催取り止めとなりました。,レース中止
201935111802,レースデータが不足しているため記録を行いません,当レースは禁止薬物陽性馬が発生したことの重大性を鑑み開催取り止めとなりました。,レース中止
201935111803,レースデータが不足しているため記録を行いません,当レースは禁止薬物陽性馬が発生したことの重大性を鑑み開催取り止めとなりました。,レース中止
201935111804,レースデータが不足しているため記録を行いません,当レースは禁止薬物陽性馬が発生したことの重大性を鑑み開催取り止めとなりました。,レース中止
201935111805,レースデータが不足しているため記録を行いません,当レースは禁止薬物陽性馬が発生したことの重大性を鑑み開催取り止めとなりました。,レース中止
201935111806,レースデータが不足しているため記録を行いません,当レースは禁止薬物陽性馬が発生したことの重大性を鑑み開催取り止めとなりました。,レース中止
201935111807,レースデータが不足しているため記録を行いません,当レースは禁止薬物陽性馬が発生したことの重大性を鑑み開催取り止めとなりました。,レース中止
201935111808,レースデータが不足しているため記録を行いません,当レースは禁止薬物陽性馬が発生したことの重大性を鑑み開催取り止めとなりました。,レース中止
201935111809,レースデータが不足しているため記録を行いません,当レースは禁止薬物陽性馬が発生したことの重大性を鑑み開催取り止めとなりました。,レース中止
201935111810,レースデータが不足しているため記録を行いません,当レースは禁止薬物陽性馬が発生したことの重大性を鑑み開催取り止めとなりました。,レース中止
201935111811,レースデータが不足しているため記録を行いません,当レースは禁止薬物陽性馬が発生したことの重大性を鑑み開催取り止めとなりました。,レース中止
201935111812,レースデータが不足しているため記録を行いません,当レースは禁止薬物陽性馬が発生したことの重大性を鑑み開催取り止めとなりました。,レース中止
201946092303,レース結果ページのデータが不足しているため記録を行いません,当レースは強風の影響により順延となりました。,レース中止
201946092304,レース結果ページのデータが不足しているため記録を行いません,当レースは強風の影響により順延となりました。,レース中止
201946092305,レース結果ページのデータが不足しているため記録を行いません,当レースは強風の影響により順延となりました。,レース中止
201946092306,レース結果ページのデータが不足しているため記録を行いません,当レースは強風の影響により順延となりました。,レース中止
201946092307,レース結果ページのデータが不足しているため記録を行いません,当レースは強風の影響により順延となりました。,レース中止
201946092308,レース結果ページのデータが不足しているため記録を行いません,当レースは強風の影響により順延となりました。,レース中止
201946092309,レース結果ページのデータが不足しているため記録を行いません,当レースは強風の影響により順延となりました。,レース中止
201946092310,レース結果ページのデータが不足しているため記録を行いません,当レースは強風の影響により順延となりました。,レース中止
201946092311,レース結果ページのデータが不足しているため記録を行いません,当レースは強風の影響により順延となりました。,レース中止
201946092312,レース結果ページのデータが不足しているため記録を行いません,当レースは強風の影響により順延となりました。,レース中止
201950081501,レースデータが不足しているため記録を行いません,当レースは台風の影響により開催中止となりました。,レース中止
201950081502,レースデータが不足しているため記録を行いません,当レースは台風の影響により開催中止となりました。,レース中止
201950081503,レースデータが不足しているため記録を行いません,当レースは台風の影響により開催中止となりました。,レース中止
201950081504,レースデータが不足しているため記録を行いません,当レースは台風の影響により開催中止となりました。,レース中止
201950081505,レースデータが不足しているため記録を行いません,当レースは台風の影響により開催中止となりました。,レース中止
201950081506,レースデータが不足しているため記録を行いません,当レースは台風の影響により開催中止となりました。,レース中止
201950081507,レースデータが不足しているため記録を行いません,当レースは台風の影響により開催中止となりました。,レース中止
201950081508,レースデータが不足しているため記録を行いません,当レースは台風の影響により開催中止となりました。,レース中止
201950081509,レースデータが不足しているため記録を行いません,当レースは台風の影響により開催中止となりました。,レース中止
201950081510,レースデータが不足しているため記録を行いません,当レースは台風の影響により開催中止となりました。,レース中止
201950081511,レースデータが不足しているため記録を行いません,当レースは台風の影響により開催中止となりました。,レース中止
201950081512,レースデータが不足しているため記録を行いません,当レースは台風の影響により開催中止となりました。,レース中止
201935080512,レース結果ページのデータが不足しているため記録を行いません,当レースは天候不良により取りやめとなりました。,レース中止
201955072101,レースデータが不足しているため記録を行いません,当レースは大雨の影響により開催中止となりました。,レース中止
201955072102,レースデータが不足しているため記録を行いません,当レースは大雨の影響により開催中止となりました。,レース中止
201955072103,レースデータが不足しているため記録を行いません,当レースは大雨の影響により開催中止となりました。,レース中止
201955072104,レースデータが不足しているため記録を行いません,当レースは大雨の影響により開催中止となりました。,レース中止
201955072105,レースデータが不足しているため記録を行いません,当レースは大雨の影響により開催中止となりました。,レース中止
201955072106,レースデータが不足しているため記録を行いません,当レースは大雨の影響により開催中止となりました。,レース中止
201955072107,レースデータが不足しているため記録を行いません,当レースは大雨の影響により開催中止となりました。,レース中止
201955072108,レースデータが不足しているため記録を行いません,当レースは大雨の影響により開催中止となりました。,レース中止
201955072109,レースデータが不足しているため記録を行いません,当レースは大雨の影響により開催中止となりました。,レース中止
201955072110,レースデータが不足しているため記録を行いません,当レースは大雨の影響により開催中止となりました。,レース中止
201955072111,レースデータが不足しているため記録を行いません,当レースは大雨の影響により開催中止となりました。,レース中止
201955072112,レースデータが不足しているため記録を行いません,当レースは大雨の影響により開催中止となりました。,レース中止
201947062001,レースデータが不足しているため記録を行いません,当レースは放馬事故により開催自粛となりました。,レース中止
201947062002,レースデータが不足しているため記録を行いません,当レースは放馬事故により開催自粛となりました。,レース中止
201947062003,レースデータが不足しているため記録を行いません,当レースは放馬事故により開催自粛となりました。,レース中止
201947062004,レースデータが不足しているため記録を行いません,当レースは放馬事故により開催自粛となりました。,レース中止
201947062005,レースデータが不足しているため記録を行いません,当レースは放馬事故により開催自粛となりました。,レース中止
201947062006,レースデータが不足しているため記録を行いません,当レースは放馬事故により開催自粛となりました。,レース中止
201947062007,レースデータが不足しているため記録を行いません,当レースは放馬事故により開催自粛となりました。,レース中止
201947062008,レースデータが不足しているため記録を行いません,当レースは放馬事故により開催自粛となりました。,レース中止
201947062009,レースデータが不足しているため記録を行いません,当レースは放馬事故により開催自粛となりました。,レース中止
201947062010,レースデータが不足しているため記録を行いません,当レースは放馬事故により開催自粛となりました。,レース中止
201947062011,レースデータが不足しているため記録を行いません,当レースは放馬事故により開催自粛となりました。,レース中止
201947061901,レースデータが不足しているため記録を行いません,当レースは放馬事故により開催自粛となりました。,レース中止
201947061902,レースデータが不足しているため記録を行いません,当レースは放馬事故により開催自粛となりました。,レース中止
201947061903,レースデータが不足しているため記録を行いません,当レースは放馬事故により開催自粛となりました。,レース中止
201947061904,レースデータが不足しているため記録を行いません,当レースは放馬事故により開催自粛となりました。,レース中止
201947061905,レースデータが不足しているため記録を行いません,当レースは放馬事故により開催自粛となりました。,レース中止
201947061906,レースデータが不足しているため記録を行いません,当レースは放馬事故により開催自粛となりました。,レース中止
201947061907,レースデータが不足しているため記録を行いません,当レースは放馬事故により開催自粛となりました。,レース中止
201947061908,レースデータが不足しているため記録を行いません,当レースは放馬事故により開催自粛となりました。,レース中止
201947061909,レースデータが不足しているため記録を行いません,当レースは放馬事故により開催自粛となりました。,レース中止
201947061910,レースデータが不足しているため記録を行いません,当レースは放馬事故により開催自粛となりました。,レース中止
201947061801,レースデータが不足しているため記録を行いません,当レースは放馬事故により開催自粛となりました。,レース中止
201947061802,レースデータが不足しているため記録を行いません,当レースは放馬事故により開催自粛となりました。,レース中止
201947061803,レースデータが不足しているため記録を行いません,当レースは放馬事故により開催自粛となりました。,レース中止
201947061804,レースデータが不足しているため記録を行いません,当レースは放馬事故により開催自粛となりました。,レース中止
201947061805,レースデータが不足しているため記録を行いません,当レースは放馬事故により開催自粛となりました。,レース中止
201947061806,レースデータが不足しているため記録を行いません,当レースは放馬事故により開催自粛となりました。,レース中止
201947061807,レースデータが不足しているため記録を行いません,当レースは放馬事故により開催自粛となりました。,レース中止
201947061808,レースデータが不足しているため記録を行いません,当レースは放馬事故により開催自粛となりました。,レース中止
201947061809,レースデータが不足しているため記録を行いません,当レースは放馬事故により開催自粛となりました。,レース中止
201947061810,レースデータが不足しているため記録を行いません,当レースは放馬事故により開催自粛となりました。,レース中止
201935052107,レース結果ページのデータが不足しているため記録を行いません,当レースは降雨による芝走路状況の悪化のため開催中止となりました。,レース中止
201935052108,レース結果ページのデータが不足しているため記録を行いません,当レースは降雨による芝走路状況の悪化のため開催中止となりました。,レース中止
201935052111,レース結果ページのデータが不足しているため記録を行いません,当レースは降雨による芝走路状況の悪化のため開催中止となりました。,レース中止
201930051608,レース結果ページのデータが不足しているため記録を行いません,レース確定後10分前後で公開予定です。,レース中止
201955012611,レース結果ページのデータが不足しているため記録を行いません,当レースは降雪の影響により開催中止となりました。,レース中止
201955012612,レース結果ページのデータが不足しているため記録を行いません,当レースは降雪の影響により開催中止となりました。,レース中止
201847122901,レース結果ページのデータが不足しているため記録を行いません,当レースは降雪の影響により開催中止となりました。,レース中止
201847122902,レース結果ページのデータが不足しているため記録を行いません,当レースは降雪の影響により開催中止となりました。,レース中止
201847122903,レース結果ページのデータが不足しているため記録を行いません,当レースは降雪の影響により開催中止となりました。,レース中止
201847122904,レース結果ページのデータが不足しているため記録を行いません,当レースは降雪の影響により開催中止となりました。,レース中止
201847122905,レース結果ページのデータが不足しているため記録を行いません,当レースは降雪の影響により開催中止となりました。,レース中止
201847122906,レース結果ページのデータが不足しているため記録を行いません,当レースは降雪の影響により開催中止となりました。,レース中止
201847122907,レース結果ページのデータが不足しているため記録を行いません,当レースは降雪の影響により開催中止となりました。,レース中止
201847122908,レース結果ページのデータが不足しているため記録を行いません,当レースは降雪の影響により開催中止となりました。,レース中止
201847122909,レース結果ページのデータが不足しているため記録を行いません,当レースは降雪の影響により開催中止となりました。,レース中止
201847122910,レース結果ページのデータが不足しているため記録を行いません,当レースは降雪の影響により開催中止となりました。,レース中止
201847122911,レース結果ページのデータが不足しているため記録を行いません,当レースは降雪の影響により開催中止となりました。,レース中止
201854093001,レース結果ページのデータが不足しているため記録を行いません,当レースは台風の影響により開催中止となりました。,レース中止
201854093002,レース結果ページのデータが不足しているため記録を行いません,当レースは台風の影響により開催中止となりました。,レース中止
201854093003,レース結果ページのデータが不足しているため記録を行いません,当レースは台風の影響により開催中止となりました。,レース中止
201854093004,レース結果ページのデータが不足しているため記録を行いません,当レースは台風の影響により開催中止となりました。,レース中止
201854093005,レース結果ページのデータが不足しているため記録を行いません,当レースは台風の影響により開催中止となりました。,レース中止
201854093006,レース結果ページのデータが不足しているため記録を行いません,当レースは台風の影響により開催中止となりました。,レース中止
201854093007,レース結果ページのデータが不足しているため記録を行いません,当レースは台風の影響により開催中止となりました。,レース中止
201854093008,レース結果ページのデータが不足しているため記録を行いません,当レースは台風の影響により開催中止となりました。,レース中止
201854093009,レース結果ページのデータが不足しているため記録を行いません,当レースは台風の影響により開催中止となりました。,レース中止
201854093010,レース結果ページのデータが不足しているため記録を行いません,当レースは台風の影響により開催中止となりました。,レース中止
201854093011,レース結果ページのデータが不足しているため記録を行いません,当レースは台風の影響により開催中止となりました。,レース中止
201854093012,レース結果ページのデータが不足しているため記録を行いません,当レースは台風の影響により開催中止となりました。,レース中止
201855093003,レース結果ページのデータが不足しているため記録を行いません,当レースは悪天候(強風)のため取り止めとなりました。,レース中止
201855093004,レース結果ページのデータが不足しているため記録を行いません,当レースは台風の影響により開催中止となりました。,レース中止
201855093005,レース結果ページのデータが不足しているため記録を行いません,当レースは台風の影響により開催中止となりました。,レース中止
201855093006,レース結果ページのデータが不足しているため記録を行いません,当レースは台風の影響により開催中止となりました。,レース中止
201855093007,レース結果ページのデータが不足しているため記録を行いません,当レースは台風の影響により開催中止となりました。,レース中止
201855093008,レース結果ページのデータが不足しているため記録を行いません,当レースは台風の影響により開催中止となりました。,レース中止
201855093009,レース結果ページのデータが不足しているため記録を行いません,当レースは台風の影響により開催中止となりました。,レース中止
201855093010,レース結果ページのデータが不足しているため記録を行いません,当レースは台風の影響により開催中止となりました。,レース中止
201855093011,レース結果ページのデータが不足しているため記録を行いません,当レースは台風の影響により開催中止となりました。,レース中止
201855093012,レース結果ページのデータが不足しているため記録を行いません,当レースは台風の影響により開催中止となりました。,レース中止
201835092201,レースデータが不足しているため記録を行いません,当レースは公正確保のため取り止めとなりました。,レース中止
201835092202,レースデータが不足しているため記録を行いません,当レースは公正確保のため取り止めとなりました。,レース中止
201835092203,レースデータが不足しているため記録を行いません,当レースは公正確保のため取り止めとなりました。,レース中止
201835092204,レースデータが不足しているため記録を行いません,当レースは公正確保のため取り止めとなりました。,レース中止
201835092205,レースデータが不足しているため記録を行いません,当レースは公正確保のため取り止めとなりました。,レース中止
201835092206,レースデータが不足しているため記録を行いません,当レースは公正確保のため取り止めとなりました。,レース中止
201835092207,レースデータが不足しているため記録を行いません,当レースは公正確保のため取り止めとなりました。,レース中止
201835092208,レースデータが不足しているため記録を行いません,当レースは公正確保のため取り止めとなりました。,レース中止
201835092209,レースデータが不足しているため記録を行いません,当レースは公正確保のため取り止めとなりました。,レース中止
201835092210,レースデータが不足しているため記録を行いません,当レースは公正確保のため取り止めとなりました。,レース中止
201835092211,レースデータが不足しているため記録を行いません,当レースは公正確保のため取り止めとなりました。,レース中止
201850090701,レース結果ページのデータが不足しているため記録を行いません,当レースはシステム障害のため取り止めとなりました。,レース中止
201850090702,レース結果ページのデータが不足しているため記録を行いません,当レースはシステム障害のため取り止めとなりました。,レース中止
201850090703,レース結果ページのデータが不足しているため記録を行いません,当レースはシステム障害のため取り止めとなりました。,レース中止
201850090704,レース結果ページのデータが不足しているため記録を行いません,当レースはシステム障害のため取り止めとなりました。,レース中止
201850090705,レース結果ページのデータが不足しているため記録を行いません,当レースはシステム障害のため取り止めとなりました。,レース中止
201850090706,レース結果ページのデータが不足しているため記録を行いません,当レースはシステム障害のため取り止めとなりました。,レース中止
201850090707,レース結果ページのデータが不足しているため記録を行いません,当レースはシステム障害のため取り止めとなりました。,レース中止
201850090708,レース結果ページのデータが不足しているため記録を行いません,当レースはシステム障害のため取り止めとなりました。,レース中止
201850090709,レース結果ページのデータが不足しているため記録を行いません,当レースはシステム障害のため取り止めとなりました。,レース中止
201850090710,レース結果ページのデータが不足しているため記録を行いません,当レースはシステム障害のため取り止めとなりました。,レース中止
201850090711,レース結果ページのデータが不足しているため記録を行いません,当レースはシステム障害のため取り止めとなりました。,レース中止
201850090712,レース結果ページのデータが不足しているため記録を行いません,当レースはシステム障害のため取り止めとなりました。,レース中止
201830090601,レースデータが不足しているため記録を行いません,当レースは地震の影響により開催中止となりました。,レース中止
201830090602,レースデータが不足しているため記録を行いません,当レースは地震の影響により開催中止となりました。,レース中止
201830090603,レースデータが不足しているため記録を行いません,当レースは地震の影響により開催中止となりました。,レース中止
201830090604,レースデータが不足しているため記録を行いません,当レースは地震の影響により開催中止となりました。,レース中止
201830090605,レースデータが不足しているため記録を行いません,当レースは地震の影響により開催中止となりました。,レース中止
201830090606,レースデータが不足しているため記録を行いません,当レースは地震の影響により開催中止となりました。,レース中止
201830090607,レースデータが不足しているため記録を行いません,当レースは地震の影響により開催中止となりました。,レース中止
201830090608,レースデータが不足しているため記録を行いません,当レースは地震の影響により開催中止となりました。,レース中止
201830090609,レースデータが不足しているため記録を行いません,当レースは地震の影響により開催中止となりました。,レース中止
201830090610,レースデータが不足しているため記録を行いません,当レースは地震の影響により開催中止となりました。,レース中止
201830090611,レースデータが不足しているため記録を行いません,当レースは地震の影響により開催中止となりました。,レース中止
201830090612,レースデータが不足しているため記録を行いません,当レースは地震の影響により開催中止となりました。,レース中止
201850090601,レースデータが不足しているため記録を行いません,当レースは台風による停電の影響のため開催中止となりました。,レース中止
201850090602,レースデータが不足しているため記録を行いません,当レースは台風による停電の影響のため開催中止となりました。,レース中止
201850090603,レースデータが不足しているため記録を行いません,当レースは台風による停電の影響のため開催中止となりました。,レース中止
201850090604,レースデータが不足しているため記録を行いません,当レースは台風による停電の影響のため開催中止となりました。,レース中止
201850090605,レースデータが不足しているため記録を行いません,当レースは台風による停電の影響のため開催中止となりました。,レース中止
201850090606,レースデータが不足しているため記録を行いません,当レースは台風による停電の影響のため開催中止となりました。,レース中止
201850090607,レースデータが不足しているため記録を行いません,当レースは台風による停電の影響のため開催中止となりました。,レース中止
201850090608,レースデータが不足しているため記録を行いません,当レースは台風による停電の影響のため開催中止となりました。,レース中止
201850090609,レースデータが不足しているため記録を行いません,当レースは台風による停電の影響のため開催中止となりました。,レース中止
201850090610,レースデータが不足しているため記録を行いません,当レースは台風による停電の影響のため開催中止となりました。,レース中止
201850090611,レースデータが不足しているため記録を行いません,当レースは台風による停電の影響のため開催中止となりました。,レース中止
201850090501,レースデータが不足しているため記録を行いません,当レースは台風の影響により開催中止となりました。,レース中止
201850090502,レースデータが不足しているため記録を行いません,当レースは台風の影響により開催中止となりました。,レース中止
201850090503,レースデータが不足しているため記録を行いません,当レースは台風の影響により開催中止となりました。,レース中止
201850090504,レースデータが不足しているため記録を行いません,当レースは台風の影響により開催中止となりました。,レース中止
201850090505,レースデータが不足しているため記録を行いません,当レースは台風の影響により開催中止となりました。,レース中止
201850090506,レースデータが不足しているため記録を行いません,当レースは台風の影響により開催中止となりました。,レース中止
201850090507,レースデータが不足しているため記録を行いません,当レースは台風の影響により開催中止となりました。,レース中止
201850090508,レースデータが不足しているため記録を行いません,当レースは台風の影響により開催中止となりました。,レース中止
201850090509,レースデータが不足しているため記録を行いません,当レースは台風の影響により開催中止となりました。,レース中止
201850090510,レースデータが不足しているため記録を行いません,当レースは台風の影響により開催中止となりました。,レース中止
201846090401,レースデータが不足しているため記録を行いません,当レースは台風の影響を考慮し9/5(水)に順延となりました。,レース中止
201846090402,レースデータが不足しているため記録を行いません,当レースは台風の影響を考慮し9/5(水)に順延となりました。,レース中止
201846090403,レースデータが不足しているため記録を行いません,当レースは台風の影響を考慮し9/5(水)に順延となりました。,レース中止
201846090404,レースデータが不足しているため記録を行いません,当レースは台風の影響を考慮し9/5(水)に順延となりました。,レース中止
201846090405,レースデータが不足しているため記録を行いません,当レースは台風の影響を考慮し9/5(水)に順延となりました。,レース中止
201846090406,レースデータが不足しているため記録を行いません,当レースは台風の影響を考慮し9/5(水)に順延となりました。,レース中止
201846090407,レースデータが不足しているため記録を行いません,当レースは台風の影響を考慮し9/5(水)に順延となりました。,レース中止
201846090408,レースデータが不足しているため記録を行いません,当レースは台風の影響を考慮し9/5(水)に順延となりました。,レース中止
201846090409,レースデータが不足しているため記録を行いません,当レースは台風の影響を考慮し9/5(水)に順延となりました。,レース中止
201846090410,レースデータが不足しているため記録を行いません,当レースは台風の影響を考慮し9/5(水)に順延となりました。,レース中止
201846090411,レースデータが不足しているため記録を行いません,当レースは台風の影響を考慮し9/5(水)に順延となりました。,レース中止
201846090412,レースデータが不足しているため記録を行いません,当レースは台風の影響を考慮し9/5(水)に順延となりました。,レース中止
201854070801,レースデータが不足しているため記録を行いません,当レースは馬場状況悪化のため7月10日(火)に順延となりました。,レース中止
201854070802,レースデータが不足しているため記録を行いません,当レースは馬場状況悪化のため7月10日(火)に順延となりました。,レース中止
201854070803,レースデータが不足しているため記録を行いません,当レースは馬場状況悪化のため7月10日(火)に順延となりました。,レース中止
201854070804,レースデータが不足しているため記録を行いません,当レースは馬場状況悪化のため7月10日(火)に順延となりました。,レース中止
201854070805,レースデータが不足しているため記録を行いません,当レースは馬場状況悪化のため7月10日(火)に順延となりました。,レース中止
201854070806,レースデータが不足しているため記録を行いません,当レースは馬場状況悪化のため7月10日(火)に順延となりました。,レース中止
201854070807,レースデータが不足しているため記録を行いません,当レースは馬場状況悪化のため7月10日(火)に順延となりました。,レース中止
201854070808,レースデータが不足しているため記録を行いません,当レースは馬場状況悪化のため7月10日(火)に順延となりました。,レース中止
201854070809,レースデータが不足しているため記録を行いません,当レースは馬場状況悪化のため7月10日(火)に順延となりました。,レース中止
201854070810,レースデータが不足しているため記録を行いません,当レースは馬場状況悪化のため7月10日(火)に順延となりました。,レース中止
201854070811,レースデータが不足しているため記録を行いません,当レースは馬場状況悪化のため7月10日(火)に順延となりました。,レース中止
201854070812,レースデータが不足しているため記録を行いません,当レースは馬場状況悪化のため7月10日(火)に順延となりました。,レース中止
201854070701,レース結果ページのデータが不足しているため記録を行いません,当レースは馬場状況悪化のため7月9日(月)に順延となりました。,レース中止
201854070702,レース結果ページのデータが不足しているため記録を行いません,当レースは馬場状況悪化のため7月9日(月)に順延となりました。,レース中止
201854070703,レース結果ページのデータが不足しているため記録を行いません,当レースは馬場状況悪化のため7月9日(月)に順延となりました。,レース中止
201854070704,レース結果ページのデータが不足しているため記録を行いません,当レースは馬場状況悪化のため7月9日(月)に順延となりました。,レース中止
201854070705,レース結果ページのデータが不足しているため記録を行いません,当レースは馬場状況悪化のため7月9日(月)に順延となりました。,レース中止
201854070706,レース結果ページのデータが不足しているため記録を行いません,当レースは馬場状況悪化のため7月9日(月)に順延となりました。,レース中止
201854070707,レース結果ページのデータが不足しているため記録を行いません,当レースは馬場状況悪化のため7月9日(月)に順延となりました。,レース中止
201854070708,レース結果ページのデータが不足しているため記録を行いません,当レースは馬場状況悪化のため7月9日(月)に順延となりました。,レース中止
201854070709,レース結果ページのデータが不足しているため記録を行いません,当レースは馬場状況悪化のため7月9日(月)に順延となりました。,レース中止
201854070710,レース結果ページのデータが不足しているため記録を行いません,当レースは馬場状況悪化のため7月9日(月)に順延となりました。,レース中止
201854070711,レース結果ページのデータが不足しているため記録を行いません,当レースは馬場状況悪化のため7月9日(月)に順延となりました。,レース中止
201854070712,レース結果ページのデータが不足しているため記録を行いません,当レースは馬場状況悪化のため7月9日(月)に順延となりました。,レース中止
201850070601,レース結果ページのデータが不足しているため記録を行いません,当レースは高速道路の通行止めにより、レース輸送が不可能となったため取り止めとなりました。,レース中止
201850070602,レース結果ページのデータが不足しているため記録を行いません,当レースは高速道路の通行止めにより、レース輸送が不可能となったため取り止めとなりました。,レース中止
201850070603,レース結果ページのデータが不足しているため記録を行いません,当レースは高速道路の通行止めにより、レース輸送が不可能となったため取り止めとなりました。,レース中止
201850070604,レース結果ページのデータが不足しているため記録を行いません,当レースは高速道路の通行止めにより、レース輸送が不可能となったため取り止めとなりました。,レース中止
201850070605,レース結果ページのデータが不足しているため記録を行いません,当レースは高速道路の通行止めにより、レース輸送が不可能となったため取り止めとなりました。,レース中止
201850070606,レース結果ページのデータが不足しているため記録を行いません,当レースは高速道路の通行止めにより、レース輸送が不可能となったため取り止めとなりました。,レース中止
201850070607,レース結果ページのデータが不足しているため記録を行いません,当レースは高速道路の通行止めにより、レース輸送が不可能となったため取り止めとなりました。,レース中止
201850070608,レース結果ページのデータが不足しているため記録を行いません,当レースは高速道路の通行止めにより、レース輸送が不可能となったため取り止めとなりました。,レース中止
201850070609,レース結果ページのデータが不足しているため記録を行いません,当レースは高速道路の通行止めにより、レース輸送が不可能となったため取り止めとなりました。,レース中止
201850070610,レース結果ページのデータが不足しているため記録を行いません,当レースは高速道路の通行止めにより、レース輸送が不可能となったため取り止めとなりました。,レース中止
201850070611,レース結果ページのデータが不足しているため記録を行いません,当レースは高速道路の通行止めにより、レース輸送が不可能となったため取り止めとなりました。,レース中止
201836063007,レース結果ページのデータが不足しているため記録を行いません,当レースは大雨による走路状態の悪化のため取り止めとなりました。,レース中止
201836063008,レース結果ページのデータが不足しているため記録を行いません,当レースは大雨による走路状態の悪化のため取り止めとなりました。,レース中止
201836063009,レース結果ページのデータが不足しているため記録を行いません,当レースは大雨による走路状態の悪化のため取り止めとなりました。,レース中止
201836063010,レース結果ページのデータが不足しているため記録を行いません,当レースは大雨による走路状態の悪化のため取り止めとなりました。,レース中止
201836063011,レース結果ページのデータが不足しているため記録を行いません,当レースは大雨による走路状態の悪化のため取り止めとなりました。,レース中止
201836063012,レース結果ページのデータが不足しているため記録を行いません,当レースは大雨による走路状態の悪化のため取り止めとなりました。,レース中止
201830041808,レース結果ページのデータが不足しているため記録を行いません,当レースは濃霧の影響により取り止めとなりました。,レース中止
201830041809,レース結果ページのデータが不足しているため記録を行いません,当レースは濃霧の影響により取り止めとなりました。,レース中止
201830041810,レース結果ページのデータが不足しているため記録を行いません,当レースは濃霧の影響により取り止めとなりました。,レース中止
201830041811,レース結果ページのデータが不足しているため記録を行いません,当レースは濃霧の影響により取り止めとなりました。,レース中止
201850032207,レース結果取得処理でエラー,,レース実施
201842032001,レースデータが不足しているため記録を行いません,,レース実施
201842032002,レースデータが不足しているため記録を行いません,,レース実施
201842032003,レースデータが不足しているため記録を行いません,,レース実施
201842032004,レースデータが不足しているため記録を行いません,,レース実施
201842032005,レースデータが不足しているため記録を行いません,,レース実施
201842032006,レースデータが不足しているため記録を行いません,,レース実施
201842032007,レースデータが不足しているため記録を行いません,,レース実施
201842032008,レースデータが不足しているため記録を行いません,,レース実施
201842032009,レースデータが不足しているため記録を行いません,,レース実施
201842032010,レースデータが不足しているため記録を行いません,,レース実施
201842032011,レースデータが不足しているため記録を行いません,,レース実施
201842032012,レースデータが不足しているため記録を行いません,,レース実施
201847032001,レースデータが不足しているため記録を行いません,,レース実施
201847032002,レースデータが不足しているため記録を行いません,,レース実施
201847032003,レースデータが不足しているため記録を行いません,,レース実施
201847032004,レースデータが不足しているため記録を行いません,,レース実施
201847032005,レースデータが不足しているため記録を行いません,,レース実施
201847032006,レースデータが不足しているため記録を行いません,,レース実施
201847032007,レースデータが不足しているため記録を行いません,,レース実施
201847032008,レースデータが不足しているため記録を行いません,,レース実施
201847032009,レースデータが不足しているため記録を行いません,,レース実施
201847032010,レースデータが不足しているため記録を行いません,,レース実施
201847032011,レースデータが不足しているため記録を行いません,,レース実施
201847032012,レースデータが不足しているため記録を行いません,,レース実施
201850032001,レースデータが不足しているため記録を行いません,,レース実施
201850032002,レースデータが不足しているため記録を行いません,,レース実施
201850032003,レースデータが不足しているため記録を行いません,,レース実施
201850032004,レースデータが不足しているため記録を行いません,,レース実施
201850032005,レースデータが不足しているため記録を行いません,,レース実施
201850032006,レースデータが不足しているため記録を行いません,,レース実施
201850032007,レースデータが不足しているため記録を行いません,,レース実施
201850032008,レースデータが不足しているため記録を行いません,,レース実施
201850032009,レースデータが不足しているため記録を行いません,,レース実施
201850032010,レースデータが不足しているため記録を行いません,,レース実施
201850032011,レースデータが不足しているため記録を行いません,,レース実施
201850032012,レースデータが不足しているため記録を行いません,,レース実施
201854032001,レースデータが不足しているため記録を行いません,,レース実施
201854032002,レースデータが不足しているため記録を行いません,,レース実施
201854032003,レースデータが不足しているため記録を行いません,,レース実施
201854032005,レースデータが不足しているため記録を行いません,,レース実施
201854032006,レースデータが不足しているため記録を行いません,,レース実施
201854032007,レースデータが不足しているため記録を行いません,,レース実施
201854032008,レースデータが不足しているため記録を行いません,,レース実施
201854032009,レースデータが不足しているため記録を行いません,,レース実施
201854032010,レースデータが不足しているため記録を行いません,,レース実施
201854032011,レースデータが不足しているため記録を行いません,,レース実施
201854032012,レースデータが不足しているため記録を行いません,,レース実施
201844012401,レース結果ページのデータが不足しているため記録を行いません,当レースは走路のコンディション不良のため取り止めとなりました。,レース中止
201844012402,レース結果ページのデータが不足しているため記録を行いません,当レースは走路のコンディション不良のため取り止めとなりました。,レース中止
201844012403,レース結果ページのデータが不足しているため記録を行いません,当レースは走路のコンディション不良のため取り止めとなりました。,レース中止
201844012301,レース結果ページのデータが不足しているため記録を行いません,当レースは走路のコンディション不良のため取り止めとなりました。,レース中止
201844012302,レース結果ページのデータが不足しているため記録を行いません,当レースは走路のコンディション不良のため取り止めとなりました。,レース中止
201844012303,レース結果ページのデータが不足しているため記録を行いません,当レースは走路のコンディション不良のため取り止めとなりました。,レース中止
201844012304,レース結果ページのデータが不足しているため記録を行いません,当レースは走路のコンディション不良のため取り止めとなりました。,レース中止
201844012305,レース結果ページのデータが不足しているため記録を行いません,当レースは走路のコンディション不良のため取り止めとなりました。,レース中止
201844012306,レース結果ページのデータが不足しているため記録を行いません,当レースは走路のコンディション不良のため取り止めとなりました。,レース中止
201844012307,レース結果ページのデータが不足しているため記録を行いません,当レースは走路のコンディション不良のため取り止めとなりました。,レース中止
201844012308,レース結果ページのデータが不足しているため記録を行いません,当レースは走路のコンディション不良のため取り止めとなりました。,レース中止
201844012309,レース結果ページのデータが不足しているため記録を行いません,当レースは走路のコンディション不良のため取り止めとなりました。,レース中止
201844012310,レース結果ページのデータが不足しているため記録を行いません,当レースは走路のコンディション不良のため取り止めとなりました。,レース中止
201844012311,レース結果ページのデータが不足しているため記録を行いません,当レースは走路のコンディション不良のため取り止めとなりました。,レース中止
201844012312,レース結果ページのデータが不足しているため記録を行いません,当レースは走路のコンディション不良のため取り止めとなりました。,レース中止
201844012211,レース結果ページのデータが不足しているため記録を行いません,レース確定後10分前後で公開予定です。,レース中止
201844012212,レース結果ページのデータが不足しているため記録を行いません,レース確定後10分前後で公開予定です。,レース中止
201746122703,レース結果ページのデータが不足しているため記録を行いません,当レースは積雪の影響により取り止めとなりました。,レース中止
201746122704,レース結果ページのデータが不足しているため記録を行いません,当レースは積雪の影響により取り止めとなりました。,レース中止
201746122705,レース結果ページのデータが不足しているため記録を行いません,当レースは積雪の影響により取り止めとなりました。,レース中止
201746122706,レース結果ページのデータが不足しているため記録を行いません,当レースは積雪の影響により取り止めとなりました。,レース中止
201746122707,レース結果ページのデータが不足しているため記録を行いません,当レースは積雪の影響により取り止めとなりました。,レース中止
201746122708,レース結果ページのデータが不足しているため記録を行いません,当レースは積雪の影響により取り止めとなりました。,レース中止
201746122709,レース結果ページのデータが不足しているため記録を行いません,当レースは積雪の影響により取り止めとなりました。,レース中止
201746122710,レース結果ページのデータが不足しているため記録を行いません,当レースは積雪の影響により取り止めとなりました。,レース中止
201746122711,レース結果ページのデータが不足しているため記録を行いません,当レースは積雪の影響により取り止めとなりました。,レース中止
201755122309,レース結果ページのデータが不足しているため記録を行いません,当レースは8Rの競走中止馬の影響により取り止めとなりました。,レース中止
201746120511,レース結果ページのデータが不足しているため記録を行いません,レース確定後10分前後で公開予定です。,レース中止
201735102301,レースデータが不足しているため記録を行いません,当レースは台風のため取り止めとなりました。,レース中止
201735102302,レースデータが不足しているため記録を行いません,当レースは台風のため取り止めとなりました。,レース中止
201735102303,レースデータが不足しているため記録を行いません,当レースは台風のため取り止めとなりました。,レース中止
201735102304,レースデータが不足しているため記録を行いません,当レースは台風のため取り止めとなりました。,レース中止
201735102305,レースデータが不足しているため記録を行いません,当レースは台風のため取り止めとなりました。,レース中止
201735102306,レースデータが不足しているため記録を行いません,当レースは台風のため取り止めとなりました。,レース中止
201735102307,レースデータが不足しているため記録を行いません,当レースは台風のため取り止めとなりました。,レース中止
201735102308,レースデータが不足しているため記録を行いません,当レースは台風のため取り止めとなりました。,レース中止
201735102309,レースデータが不足しているため記録を行いません,当レースは台風のため取り止めとなりました。,レース中止
201735102310,レースデータが不足しているため記録を行いません,当レースは台風のため取り止めとなりました。,レース中止
201735102311,レースデータが不足しているため記録を行いません,当レースは台風のため取り止めとなりました。,レース中止
201754102201,レース結果ページのデータが不足しているため記録を行いません,当レースは台風のため取り止めとなりました。,レース中止
201754102202,レース結果ページのデータが不足しているため記録を行いません,当レースは台風のため取り止めとなりました。,レース中止
201754102203,レース結果ページのデータが不足しているため記録を行いません,当レースは台風のため取り止めとなりました。,レース中止
201754102204,レース結果ページのデータが不足しているため記録を行いません,当レースは台風のため取り止めとなりました。,レース中止
201754102205,レース結果ページのデータが不足しているため記録を行いません,当レースは台風のため取り止めとなりました。,レース中止
201754102206,レース結果ページのデータが不足しているため記録を行いません,当レースは台風のため取り止めとなりました。,レース中止
201754102207,レース結果ページのデータが不足しているため記録を行いません,当レースは台風のため取り止めとなりました。,レース中止
201754102208,レース結果ページのデータが不足しているため記録を行いません,当レースは台風のため取り止めとなりました。,レース中止
201754102209,レース結果ページのデータが不足しているため記録を行いません,当レースは台風のため取り止めとなりました。,レース中止
201754102210,レース結果ページのデータが不足しているため記録を行いません,当レースは台風のため取り止めとなりました。,レース中止
201754102211,レース結果ページのデータが不足しているため記録を行いません,当レースは台風のため取り止めとなりました。,レース中止
201754102212,レース結果ページのデータが不足しているため記録を行いません,当レースは台風のため取り止めとなりました。,レース中止
201754091703,レース結果ページのデータが不足しているため記録を行いません,当レースは台風と強風のため取り止めとなりました。,レース中止
201754091704,レース結果ページのデータが不足しているため記録を行いません,当レースは台風と強風のため取り止めとなりました。,レース中止
201754091705,レース結果ページのデータが不足しているため記録を行いません,当レースは台風と強風のため取り止めとなりました。,レース中止
201754091706,レース結果ページのデータが不足しているため記録を行いません,当レースは台風と強風のため取り止めとなりました。,レース中止
201754091707,レース結果ページのデータが不足しているため記録を行いません,当レースは台風と強風のため取り止めとなりました。,レース中止
201754091708,レース結果ページのデータが不足しているため記録を行いません,当レースは台風と強風のため取り止めとなりました。,レース中止
201754091709,レース結果ページのデータが不足しているため記録を行いません,当レースは台風と強風のため取り止めとなりました。,レース中止
201754091710,レース結果ページのデータが不足しているため記録を行いません,当レースは台風と強風のため取り止めとなりました。,レース中止
201754091711,レース結果ページのデータが不足しているため記録を行いません,当レースは台風と強風のため取り止めとなりました。,レース中止
201754091712,レース結果ページのデータが不足しているため記録を行いません,当レースは台風と強風のため取り止めとなりました。,レース中止
201730090604,レース結果ページのデータが不足しているため記録を行いません,当レースは濃霧のため取り止めとなりました。,レース中止
201730090605,レース結果ページのデータが不足しているため記録を行いません,当レースは濃霧のため取り止めとなりました。,レース中止
201730090606,レース結果ページのデータが不足しているため記録を行いません,当レースは濃霧のため取り止めとなりました。,レース中止
201730090607,レース結果ページのデータが不足しているため記録を行いません,当レースは濃霧のため取り止めとなりました。,レース中止
201730090608,レース結果ページのデータが不足しているため記録を行いません,当レースは濃霧のため取り止めとなりました。,レース中止
201730090609,レース結果ページのデータが不足しているため記録を行いません,当レースは濃霧のため取り止めとなりました。,レース中止
201730090610,レース結果ページのデータが不足しているため記録を行いません,当レースは濃霧のため取り止めとなりました。,レース中止
201730090611,レース結果ページのデータが不足しているため記録を行いません,当レースは濃霧のため取り止めとなりました。,レース中止
201730042611,レース結果ページのデータが不足しているため記録を行いません,レース確定後10分前後で公開予定です。,レース中止
201636121701,レース結果ページのデータが不足しているため記録を行いません,本日の水沢競馬は降雪のため取り止めとなりました。,レース中止
201636121702,レース結果ページのデータが不足しているため記録を行いません,本日の水沢競馬は降雪のため取り止めとなりました。,レース中止
201636121703,レース結果ページのデータが不足しているため記録を行いません,本日の水沢競馬は降雪のため取り止めとなりました。,レース中止
201636121704,レース結果ページのデータが不足しているため記録を行いません,本日の水沢競馬は降雪のため取り止めとなりました。,レース中止
201636121705,レース結果ページのデータが不足しているため記録を行いません,本日の水沢競馬は降雪のため取り止めとなりました。,レース中止
201636121706,レース結果ページのデータが不足しているため記録を行いません,本日の水沢競馬は降雪のため取り止めとなりました。,レース中止
201636121707,レース結果ページのデータが不足しているため記録を行いません,本日の水沢競馬は降雪のため取り止めとなりました。,レース中止
201636121708,レース結果ページのデータが不足しているため記録を行いません,本日の水沢競馬は降雪のため取り止めとなりました。,レース中止
201636121709,レース結果ページのデータが不足しているため記録を行いません,本日の水沢競馬は降雪のため取り止めとなりました。,レース中止
201636121710,レース結果ページのデータが不足しているため記録を行いません,本日の水沢競馬は降雪のため取り止めとなりました。,レース中止
201636121711,レース結果ページのデータが不足しているため記録を行いません,本日の水沢競馬は降雪のため取り止めとなりました。,レース中止
201635100811,レース結果ページのデータが不足しているため記録を行いません,当レースは濃霧のため取り止めとなりました。,レース中止
201630081709,レース結果ページのデータが不足しているため記録を行いません,当レースは強風のため取り止めとなりました。,レース中止
201630081710,レース結果ページのデータが不足しているため記録を行いません,当レースは強風のため取り止めとなりました。,レース中止
201630081711,レース結果ページのデータが不足しているため記録を行いません,当レースは強風のため取り止めとなりました。,レース中止
201630081712,レース結果ページのデータが不足しているため記録を行いません,当レースは強風のため取り止めとなりました。,レース中止
201646081608,レース結果ページのデータが不足しているため記録を行いません,当レースは天候悪化のため取り止めとなりました。,レース中止
201646081609,レース結果ページのデータが不足しているため記録を行いません,当レースは天候悪化のため取り止めとなりました。,レース中止
201630080310,レース結果ページのデータが不足しているため記録を行いません,当レースは天候悪化のため取り止めとなりました。,レース中止
201630080311,レース結果ページのデータが不足しているため記録を行いません,当レースは天候悪化のため取り止めとなりました。,レース中止
201630080312,レース結果ページのデータが不足しているため記録を行いません,当レースは天候悪化のため取り止めとなりました。,レース中止
201630062909,レース結果ページのデータが不足しているため記録を行いません,当レースは天候悪化のため取り止めとなりました。,レース中止
201630062910,レース結果ページのデータが不足しているため記録を行いません,当レースは天候悪化のため取り止めとなりました。,レース中止
201630062911,レース結果ページのデータが不足しているため記録を行いません,当レースは天候悪化のため取り止めとなりました。,レース中止
201646041701,レースデータが不足しているため記録を行いません,本日の金沢競馬は強風のため取り止めとなりました。,レース中止
201646041702,レースデータが不足しているため記録を行いません,本日の金沢競馬は強風のため取り止めとなりました。,レース中止
201646041704,レースデータが不足しているため記録を行いません,本日の金沢競馬は強風のため取り止めとなりました。,レース中止
201646041705,レースデータが不足しているため記録を行いません,本日の金沢競馬は強風のため取り止めとなりました。,レース中止
201646041706,レースデータが不足しているため記録を行いません,本日の金沢競馬は強風のため取り止めとなりました。,レース中止
201646041707,レースデータが不足しているため記録を行いません,本日の金沢競馬は強風のため取り止めとなりました。,レース中止
201646041708,レースデータが不足しているため記録を行いません,本日の金沢競馬は強風のため取り止めとなりました。,レース中止
201646041709,レースデータが不足しているため記録を行いません,本日の金沢競馬は強風のため取り止めとなりました。,レース中止
201646041710,レースデータが不足しているため記録を行いません,本日の金沢競馬は強風のため取り止めとなりました。,レース中止
201646041711,レースデータが不足しているため記録を行いません,本日の金沢競馬は強風のため取り止めとなりました。,レース中止
201655030606,レース結果ページのデータが不足しているため記録を行いません,当レースは取り止めとなりました。,レース中止
201654011909,レース結果ページのデータが不足しているため記録を行いません,当レースは天候悪化のため取り止めとなりました。,レース中止
201536122709,レース結果ページのデータが不足しているため記録を行いません,当レースは走路悪化のため取り止めとなりました。,レース中止
201536122710,レース結果ページのデータが不足しているため記録を行いません,当レースは走路悪化のため取り止めとなりました。,レース中止
201535101106,レース結果ページのデータが不足しているため記録を行いません,レース確定後10分前後で公開予定です。,レース中止
201530100803,レース結果ページのデータが不足しているため記録を行いません,レース確定後10分前後で公開予定です。,レース中止
201530100804,レース結果ページのデータが不足しているため記録を行いません,レース確定後10分前後で公開予定です。,レース中止
201530100805,レース結果ページのデータが不足しているため記録を行いません,レース確定後10分前後で公開予定です。,レース中止
201530100806,レース結果ページのデータが不足しているため記録を行いません,レース確定後10分前後で公開予定です。,レース中止
201530100807,レース結果ページのデータが不足しているため記録を行いません,レース確定後10分前後で公開予定です。,レース中止
201530100808,レース結果ページのデータが不足しているため記録を行いません,レース確定後10分前後で公開予定です。,レース中止
201530100809,レース結果ページのデータが不足しているため記録を行いません,レース確定後10分前後で公開予定です。,レース中止
201530100810,レース結果ページのデータが不足しているため記録を行いません,レース確定後10分前後で公開予定です。,レース中止
201530100811,レース結果ページのデータが不足しているため記録を行いません,レース確定後10分前後で公開予定です。,レース中止
201530072812,レース結果ページのデータが不足しているため記録を行いません,レース確定後10分前後で公開予定です。,レース中止
201530072309,レース結果ページのデータが不足しているため記録を行いません,レース確定後10分前後で公開予定です。,レース中止
201530062509,レース結果ページのデータが不足しているため記録を行いません,レース確定後10分前後で公開予定です。,レース中止
201530062511,レース結果ページのデータが不足しているため記録を行いません,レース確定後10分前後で公開予定です。,レース中止
201530062512,レース結果ページのデータが不足しているため記録を行いません,レース確定後10分前後で公開予定です。,レース中止
201555041911,楽天競馬馬柱取得処理でエラー,,レースページ未存在
201555041811,楽天競馬馬柱取得処理でエラー,,レースページ未存在
